date,equity,positions
2020-08-28,100000.0,0
2020-08-31,100000.0,0
2020-09-01,102176.30331903927,10
2020-09-02,101952.40513908533,10
2020-09-03,96596.80805950766,8
2020-09-04,96028.75808177069,5
2020-09-08,95518.03438867518,5
2020-09-09,96654.620853409,5
2020-09-10,96335.42498955347,5
2020-09-11,97107.42769545791,5
2020-09-14,97939.89901896365,5
2020-09-15,98193.68925631138,10
2020-09-16,98859.22573125902,10
2020-09-17,97971.14225241035,10
2020-09-18,97703.02133624259,10
2020-09-21,95759.39404908693,8
2020-09-22,97424.31073348472,10
2020-09-23,94657.65511866903,10
2020-09-24,95335.0373040521,10
2020-09-25,96530.03654819922,10
2020-09-28,99080.05115377763,10
2020-09-29,98791.01833846126,10
2020-09-30,99395.82479864752,10
2020-10-01,100889.76818638714,10
2020-10-02,101184.19708856748,10
2020-10-05,103373.56513341825,10
2020-10-06,102471.44283209817,10
2020-10-07,104492.81253114878,10
2020-10-08,105393.84306058218,10
2020-10-09,106447.31108984814,10
2020-10-12,106364.84027551135,10
2020-10-13,107240.03320438776,10
2020-10-14,107022.81856432083,10
2020-10-15,107393.95449232438,10
2020-10-16,107166.19541776812,10
2020-10-19,106153.10138212945,10
2020-10-20,106924.21915883565,10
2020-10-21,104722.9837692253,10
2020-10-22,104573.06812900989,10
2020-10-23,105213.28122060737,9
2020-10-26,102100.2746370854,9
2020-10-27,101893.18513491818,10
2020-10-28,98379.27084330065,8
2020-10-29,99010.22767437868,6
2020-10-30,97218.51618390053,6
2020-11-02,98493.56382849299,5
2020-11-03,99502.800305998,10
2020-11-04,98072.82115646102,9
2020-11-05,101880.89090159099,9
2020-11-06,102427.30704796477,9
2020-11-09,100224.72662119272,9
2020-11-10,100191.88107565223,10
2020-11-11,101544.77051354079,10
2020-11-12,99847.5949067903,10
2020-11-13,101488.01606699593,10
2020-11-16,103367.07221262665,9
2020-11-17,103116.76252737101,10
2020-11-18,102750.24768282627,9
2020-11-19,102974.51775882761,9
2020-11-20,102903.94825661472,9
2020-11-23,104084.08854571002,9
2020-11-24,105836.82846909211,10
2020-11-25,105653.25570279868,10
2020-11-27,105924.33302552183,10
2020-11-30,104839.04248321215,10
2020-12-01,105322.46143388646,10
2020-12-02,105869.75388884007,10
2020-12-03,105811.3363739935,10
2020-12-04,107366.47962894097,9
2020-12-07,107288.35113839759,9
2020-12-08,107672.69223274084,10
2020-12-09,106938.69460332688,10
2020-12-10,107300.98566185284,10
2020-12-11,106147.97749963691,10
2020-12-14,105156.10163761859,10
2020-12-15,107283.5840017465,10
2020-12-16,107396.00847589527,10
2020-12-17,108852.00828174572,10
2020-12-18,108045.24059473482,10
2020-12-21,108033.48403968003,9
2020-12-22,108664.61421807735,10
2020-12-23,109316.76517559522,10
2020-12-24,109298.15613673294,10
2020-12-28,108558.31794402725,10
2020-12-29,107593.5507142091,10
2020-12-30,109892.22527023706,10
2020-12-31,110252.89483321378,10
2021-01-04,110295.22942859902,10
2021-01-05,112786.08263646407,9
2021-01-06,116777.74585688415,9
2021-01-07,119812.75975083724,9
2021-01-08,119775.65963980819,9
2021-01-11,118059.5935019712,9
2021-01-12,119242.87238513133,10
2021-01-13,119034.8787039086,10
2021-01-14,121347.41883822257,10
2021-01-15,118482.22213536332,10
2021-01-19,120288.71161303319,10
2021-01-20,120766.51872659638,10
2021-01-21,120068.3704058854,10
2021-01-22,120280.98956143986,10
2021-01-25,117815.92415310758,10
2021-01-26,114168.01103207684,10
2021-01-27,108425.81082434481,9
2021-01-28,111858.21867629951,4
2021-01-29,111095.37741786888,4
2021-02-01,111740.46686087854,3
2021-02-02,111735.25955350431,10
2021-02-03,111700.74244578184,10
2021-02-04,111924.09929883761,10
2021-02-05,112033.69959669623,9
2021-02-08,114756.75159665079,9
2021-02-09,114963.79187615156,10
2021-02-10,114784.81585974233,10
2021-02-11,115776.20809751055,10
2021-02-12,115844.39794330028,10
2021-02-16,117241.72833542756,10
2021-02-17,115190.78042462227,8
2021-02-18,112021.70548380744,8
2021-02-19,115618.00692704828,8
2021-02-22,115085.83237241255,8
2021-02-23,115172.5210977112,10
2021-02-24,119359.57779032015,10
2021-02-25,114660.54085657158,10
2021-02-26,115227.14107979355,10
2021-03-01,119973.16345476024,10
2021-03-02,118047.06892794796,10
2021-03-03,117483.19087386515,10
2021-03-04,116260.86113243575,10
2021-03-05,120624.79799742065,9
2021-03-08,119931.08588972887,9
2021-03-09,120006.78742734635,10
2021-03-10,122332.53637398586,10
2021-03-11,125100.37661646135,10
2021-03-12,125622.99748129594,10
2021-03-15,125883.79262637574,9
2021-03-16,123252.18694668799,10
2021-03-17,125567.35153042502,10
2021-03-18,121704.72657697718,9
2021-03-19,121744.08854944793,9
2021-03-22,120878.08565485531,9
2021-03-23,115927.9563832965,10
2021-03-24,117035.11035787156,9
2021-03-25,118517.32592172684,9
2021-03-26,121258.7102943369,9
2021-03-29,119593.69121308255,9
2021-03-30,121380.15993429463,10
2021-03-31,121539.4899795553,10
2021-04-01,125264.08287295919,10
2021-04-05,124856.26632190752,10
2021-04-06,124638.82754079814,10
2021-04-07,124037.86282070768,10
2021-04-08,123900.69791528203,10
2021-04-09,124254.05801764653,10
2021-04-12,123762.03627272295,10
2021-04-13,123197.16872932506,10
2021-04-14,125136.4728287627,10
2021-04-15,125247.94775394825,10
2021-04-16,124999.90810674972,10
2021-04-19,124150.84635126722,9
2021-04-20,120685.79653641777,10
2021-04-21,123079.30123520148,8
2021-04-22,121209.82969610073,7
2021-04-23,122930.4873977185,7
2021-04-26,123780.50323846427,7
2021-04-27,124422.11696899752,10
2021-04-28,124677.5639275941,10
2021-04-29,125307.8230990127,10
2021-04-30,123130.24556590778,10
2021-05-03,123822.50028398326,10
2021-05-04,122896.36067264526,10
2021-05-05,123594.676786286,9
2021-05-06,124793.92552352921,8
2021-05-07,126931.53773956967,8
2021-05-10,124696.22410348273,8
2021-05-11,121973.07581768779,10
2021-05-12,119347.47251819402,9
2021-05-13,119748.45880682145,8
2021-05-14,122439.40954407712,8
2021-05-17,123127.15612224265,8
2021-05-18,120151.54243230124,10
2021-05-19,117635.17948296152,7
2021-05-20,117247.71121582235,5
2021-05-21,117516.01845066765,5
2021-05-24,117868.5852248696,5
2021-05-25,115856.4208168733,10
2021-05-26,116915.71892398463,9
2021-05-27,118553.36356543058,9
2021-05-28,118762.44021050115,9
2021-06-01,120157.86343411574,9
2021-06-02,121177.7541896787,9
2021-06-03,122101.35920116036,9
2021-06-04,121729.99160600557,9
2021-06-07,121498.02798181916,9
2021-06-08,121032.4536670753,10
2021-06-09,119588.23664438257,9
2021-06-10,118821.9555791131,9
2021-06-11,119587.97582476054,8
2021-06-14,118772.28558562795,8
2021-06-15,119450.19381653157,10
2021-06-16,118877.1096724791,10
2021-06-17,115602.03562607031,7
2021-06-18,113498.95389130108,4
2021-06-21,115029.89966913163,4
2021-06-22,115732.35333490337,10
2021-06-23,115739.69938034596,9
2021-06-24,116818.37292175367,9
2021-06-25,117377.13022595973,9
2021-06-28,116943.70131182633,9
2021-06-29,117009.72022718216,10
2021-06-30,116769.92306527212,9
2021-07-01,118223.71578499784,9
2021-07-02,118491.72101619339,9
2021-07-06,118031.03538734693,9
2021-07-07,116571.23748972979,9
2021-07-08,116429.54592102658,8
2021-07-09,117709.7500227449,7
2021-07-12,118585.74811534822,7
2021-07-13,117716.29240021591,10
2021-07-14,116345.29504436124,9
2021-07-15,116686.5965325344,9
2021-07-16,117739.58425491748,9
2021-07-19,118642.57487535762,8
2021-07-20,119973.58609897672,10
2021-07-21,121528.22548022612,10
2021-07-22,122840.65482383585,10
2021-07-23,125352.75537839343,10
2021-07-26,124324.5239567105,10
2021-07-27,124315.31090234923,10
2021-07-28,125801.36015433769,10
2021-07-29,126870.91886672808,10
2021-07-30,127183.31854997427,10
2021-08-02,127789.17212009653,10
2021-08-03,132284.30039881027,10
2021-08-04,134590.01904109682,10
2021-08-05,134484.05898980482,10
2021-08-06,133907.49106210313,10
2021-08-09,137388.07124907602,10
2021-08-10,134985.85808246597,10
2021-08-11,131019.46350688578,10
2021-08-12,132660.20027478447,10
2021-08-13,133282.96987366953,10
2021-08-16,132153.5716104507,10
2021-08-17,133007.18765639586,9
2021-08-18,131245.41556575373,9
2021-08-19,130590.92265145753,8
2021-08-20,131737.72877947072,8
2021-08-23,133938.96672924876,8
2021-08-24,132502.52391413948,10
2021-08-25,134105.72940544272,10
2021-08-26,134949.61174609544,10
2021-08-27,134994.81634625507,10
2021-08-30,135400.33207554932,10
2021-08-31,135910.06763809812,10
2021-09-01,137157.80039608426,10
2021-09-02,138758.1014818925,10
2021-09-03,140681.85607918983,10
2021-09-07,140728.80235865247,10
2021-09-08,140497.5488348021,10
2021-09-09,141609.8863344601,10
2021-09-10,140854.07660948246,10
2021-09-13,137339.0814731444,10
2021-09-14,138826.33751598548,10
2021-09-15,139955.2549290071,10
2021-09-16,140206.1966039821,10
2021-09-17,138306.65409202364,10
2021-09-20,136317.8239788408,10
2021-09-21,137857.75080944173,10
2021-09-22,138798.71970717033,10
2021-09-23,140669.02656665465,10
2021-09-24,139161.94381750425,9
2021-09-27,134779.65722525865,8
2021-09-28,129577.28784932317,10
2021-09-29,130650.45934868569,3
2021-09-30,130770.56160493253,3
2021-10-01,130988.24938693918,2
2021-10-04,130227.67307337059,2
2021-10-05,130741.79877021539,10
2021-10-06,130230.48568727882,10
2021-10-07,130907.99316498541,10
2021-10-08,131760.43415170672,10
2021-10-11,132367.25300670366,9
2021-10-12,132985.6265411382,10
2021-10-13,133514.6143344693,10
2021-10-14,134896.51989449936,10
2021-10-15,135201.92084524332,10
2021-10-18,136590.8866781596,10
2021-10-19,136230.14376247552,10
2021-10-20,137531.6265966588,10
2021-10-21,136876.78839160124,10
2021-10-22,137409.2035422272,10
2021-10-25,137702.22374663243,10
2021-10-26,136934.17576993484,10
2021-10-27,134060.20944137554,10
2021-10-28,135603.41017134013,10
2021-10-29,135526.42628981598,10
2021-11-01,136975.71797226908,10
2021-11-02,135009.885487939,10
2021-11-03,135447.6303433546,10
2021-11-04,135516.00595958982,10
2021-11-05,140050.46042717373,10
2021-11-08,141538.10606244384,10
2021-11-09,141929.0015540631,10
2021-11-10,138904.67087228136,10
2021-11-11,140078.50250018734,9
2021-11-12,140057.15193629538,9
2021-11-15,141004.98482384055,9
2021-11-16,141209.9963230976,10
2021-11-17,140085.91380571068,10
2021-11-18,140226.16655236704,10
2021-11-19,138644.84982798406,9
2021-11-22,137741.01981167123,9
2021-11-23,138901.20787737743,10
2021-11-24,139875.51358321853,10
2021-11-26,134485.55870812063,9
2021-11-29,136598.32812899482,7
2021-11-30,133739.894401119,10
2021-12-01,131690.69836539138,7
2021-12-02,132291.12944999366,5
2021-12-03,131063.51602718732,4
2021-12-06,129636.38625620003,3
2021-12-07,131565.68855336984,10
2021-12-08,130949.59775202833,10
2021-12-09,129304.16087538158,10
2021-12-10,130516.05345800388,10
2021-12-13,127737.10193404912,9
2021-12-14,127094.09017420968,10
2021-12-15,130462.21252851828,10
2021-12-16,128673.77939005589,10
2021-12-17,127474.82708496005,9
2021-12-20,127138.67907845892,9
2021-12-21,128823.88153678778,10
2021-12-22,130038.01264613832,10
2021-12-23,130551.92574868436,10
2021-12-27,133058.40003396355,10
2021-12-28,132193.47822626794,9
2021-12-29,132981.19845297528,9
2021-12-30,132322.91595499628,9
2021-12-31,132828.49924161696,9
2022-01-03,132204.61315320115,9
2022-01-04,132009.93107458574,10
2022-01-05,129291.9408260543,10
2022-01-06,129185.20116957155,9
2022-01-07,126495.39405791176,9
2022-01-10,126164.65283485537,8
2022-01-11,127500.1636323191,10
2022-01-12,128121.89450848784,10
2022-01-13,125796.28766292421,10
2022-01-14,125782.18103635567,6
2022-01-18,122865.56613830233,6
2022-01-19,122056.01478823135,2
2022-01-20,122071.44376583987,1
2022-01-21,121633.94371401708,1
2022-01-24,121431.94438342676,0
2022-01-25,127184.50281918808,10
2022-01-26,127212.28402444784,9
2022-01-27,127985.50692408238,9
2022-01-28,127883.4943382524,9
2022-01-31,127339.42271698345,9
2022-02-01,130957.39349460794,10
2022-02-02,131682.85807430508,10
2022-02-03,130072.61205494156,10
2022-02-04,131805.58043021234,10
2022-02-07,133762.7475666449,10
2022-02-08,130745.83407518646,10
2022-02-09,132714.80252596174,10
2022-02-10,132089.44978647013,10
2022-02-11,136449.01320458553,10
2022-02-14,132818.8391637641,10
2022-02-15,131923.69273458322,10
2022-02-16,134323.17333801967,10
2022-02-17,134054.89088447075,10
2022-02-18,132872.26531463308,10
2022-02-22,130199.7761780039,10
2022-02-23,131465.0422869079,10
2022-02-24,129836.86410152278,10
2022-02-25,133599.03160782735,10
2022-02-28,137597.78898507758,10
2022-03-01,136526.9810207858,10
2022-03-02,139348.88710726134,10
2022-03-03,139716.08686380586,10
2022-03-04,143183.89231899893,10
2022-03-07,146208.1852518683,10
2022-03-08,147901.4416430651,10
2022-03-09,142955.43425356186,10
2022-03-10,149253.64890758123,10
2022-03-11,148031.6248974344,10
2022-03-14,143465.41921921546,10
2022-03-15,138157.69187364887,9
2022-03-16,136543.83465039844,8
2022-03-17,141324.63369228947,7
2022-03-18,141659.59942203155,7
2022-03-21,145696.45792176866,7
2022-03-22,145098.6621927382,10
2022-03-23,147717.4782966606,10
2022-03-24,148019.89409288196,10
2022-03-25,151350.9399444091,10
2022-03-28,147345.49352851204,10
2022-03-29,145840.05359794298,10
2022-03-30,147369.65373755893,10
2022-03-31,145776.56743757206,10
2022-04-01,147250.40739477074,10
2022-04-04,147365.47478819394,10
2022-04-05,144885.48316530444,10
2022-04-06,145846.19171897887,10
2022-04-07,148184.47439005287,10
2022-04-08,152932.53978382942,10
2022-04-11,148576.21434338813,10
2022-04-12,150334.41503211396,10
2022-04-13,151974.61125484874,10
2022-04-14,152503.13716241138,10
2022-04-18,153710.47984825596,10
2022-04-19,152250.70624735582,10
2022-04-20,152220.21985052625,10
2022-04-21,147572.27557186273,10
2022-04-22,143371.99956489788,9
2022-04-25,139398.2551339652,6
2022-04-26,138446.73242817284,10
2022-04-27,139580.8415872659,10
2022-04-28,140513.24529024988,9
2022-04-29,136901.76763518105,8
2022-05-02,136274.0774922813,5
2022-05-03,139719.80347829932,10
2022-05-04,143989.4933734219,10
2022-05-05,140422.46318628517,10
2022-05-06,143259.7808778757,10
2022-05-09,133174.2839076999,7
2022-05-10,134367.35149865074,10
2022-05-11,134966.09478242285,10
2022-05-12,134193.57223900684,8
2022-05-13,138166.81169606277,8
2022-05-16,140701.68238779416,8
2022-05-17,142857.94123887364,10
2022-05-18,137636.22081298332,9
2022-05-19,136770.98584025813,8
2022-05-20,137678.8034855622,8
2022-05-23,141023.1952141801,8
2022-05-24,141538.32414064836,10
2022-05-25,144179.33343455463,10
2022-05-26,146658.67373675172,10
2022-05-27,149543.8179500844,10
2022-05-31,146875.2877947155,10
2022-06-01,150096.72755901917,10
2022-06-02,149791.31029093743,10
2022-06-03,150754.13839685314,9
2022-06-06,151457.72492959184,9
2022-06-07,155275.04207828222,10
2022-06-08,153754.99995374028,10
2022-06-09,149665.40326537337,10
2022-06-10,146956.6336915129,10
2022-06-13,138238.85651429315,8
2022-06-14,136261.88968653887,10
2022-06-15,134378.35676359158,6
2022-06-16,129654.61476195327,4
2022-06-17,128316.87106346322,1
2022-06-21,128705.27997840411,0
2022-06-22,128705.27997840411,0
2022-06-23,128705.27997840411,0
2022-06-24,128705.27997840411,0
2022-06-27,128705.27997840411,0
2022-06-28,126114.68965500218,9
2022-06-29,126695.53950406009,8
2022-06-30,126631.6215373358,8
2022-07-01,127359.76386480984,8
2022-07-05,126289.48672113664,6
2022-07-06,126936.79091080418,6
2022-07-07,127309.58413275972,6
2022-07-08,127328.807976932,6
2022-07-11,127517.69418965335,6
2022-07-12,126547.78572865634,10
2022-07-13,125948.49750032222,10
2022-07-14,125469.35846936969,10
2022-07-15,127474.38907537611,10
2022-07-18,125515.36225322855,10
2022-07-19,126414.15948320633,9
2022-07-20,124777.9156515648,9
2022-07-21,124475.93844551347,8
2022-07-22,124849.62720136113,8
2022-07-25,125445.30591420103,8
2022-07-26,123988.89196458172,10
2022-07-27,123735.06757435443,9
2022-07-28,124093.82938010596,9
2022-07-29,124437.71114649317,9
2022-08-01,124361.51401314817,9
2022-08-02,124200.55546005702,10
2022-08-03,123115.48807340795,9
2022-08-04,122788.69818327963,7
2022-08-05,123458.56768821998,7
2022-08-08,123881.51597195858,7
2022-08-09,124593.42484366473,10
2022-08-10,125034.28736522984,10
2022-08-11,125847.52615467273,10
2022-08-12,127377.69686449756,10
2022-08-15,127145.28775141157,10
2022-08-16,128489.18603263516,10
2022-08-17,128058.83347747383,10
2022-08-18,128486.54243404034,10
2022-08-19,127358.83591237507,10
2022-08-22,127058.69907773583,10
2022-08-23,125961.02113542205,10
2022-08-24,126880.64385287151,10
2022-08-25,126842.73288603121,9
2022-08-26,124839.46436968398,9
2022-08-29,124795.91219738657,8
2022-08-30,122782.98211909654,10
2022-08-31,123504.8920515589,10
2022-09-01,122634.77367249606,8
2022-09-02,122839.51750787823,8
2022-09-06,121337.54520668687,7
2022-09-07,122147.75883057046,6
2022-09-08,122903.26516207762,5
2022-09-09,123358.38247870558,5
2022-09-12,123866.9828019976,5
2022-09-13,121278.50504155386,10
2022-09-14,123943.76474075133,9
2022-09-15,121465.21261924705,9
2022-09-16,119668.55881175361,9
2022-09-19,120916.1774268159,8
2022-09-20,119397.12015886378,10
2022-09-21,117941.89108779476,10
2022-09-22,115728.70546629015,9
2022-09-23,112312.25697102444,2
2022-09-26,112168.24064975482,0
2022-09-27,111280.70634783227,7
2022-09-28,113280.24949127194,7
2022-09-29,111596.84379043468,7
2022-09-30,111714.3150238206,6
2022-10-03,113680.89371998134,6
2022-10-04,116758.62347712519,10
2022-10-05,115840.89182500548,10
2022-10-06,115216.77779762786,9
2022-10-07,113881.4195260173,8
2022-10-10,113369.82320661182,7
2022-10-11,113348.01149139502,10
2022-10-12,111889.98021581493,8
2022-10-13,113323.18183846868,7
2022-10-14,111302.1126084154,7
2022-10-17,111998.2659870347,6
2022-10-18,112779.40835031078,10
2022-10-19,113418.41181974512,10
2022-10-20,113331.96262924542,10
2022-10-21,117008.66415636624,10
2022-10-24,118601.51177484223,10
2022-10-25,118243.61785455872,10
2022-10-26,119680.75529655759,10
2022-10-27,121278.71619480498,10
2022-10-28,123043.81792414421,10
2022-10-31,122909.1611011457,10
2022-11-01,123582.08438728098,10
2022-11-02,121628.5885631179,10
2022-11-03,122925.16151223457,10
2022-11-04,125483.32453215176,10
2022-11-07,127145.86139588364,10
2022-11-08,126818.30013176998,10
2022-11-09,123511.68729994382,10
2022-11-10,126353.0836288332,10
2022-11-11,125439.5893311713,10
2022-11-14,126006.18931607387,10
2022-11-15,126695.73515197748,10
2022-11-16,126252.62932835997,10
2022-11-17,127167.28946185633,10
2022-11-18,128134.62900079522,10
2022-11-21,126960.77262322156,10
2022-11-22,129708.18102270346,10
2022-11-23,128875.56040955074,10
2022-11-25,129063.91239580064,10
2022-11-28,126711.12798590261,10
2022-11-29,126847.36339551122,10
2022-11-30,129586.18206395421,10
2022-12-01,128872.3266547598,10
2022-12-02,129926.30708141271,10
2022-12-05,126902.25912566355,10
2022-12-06,126340.69819545411,9
2022-12-07,125819.6757676612,8
2022-12-08,126088.09598900164,8
2022-12-09,124475.57612925053,8
2022-12-12,126352.2767885502,7
2022-12-13,126184.53766580192,10
2022-12-14,126346.93603640776,10
2022-12-15,124476.77650237503,10
2022-12-16,122917.70810047965,8
2022-12-19,122260.20816767364,7
2022-12-20,123120.0035862617,10
2022-12-21,125012.48531806872,10
2022-12-22,123409.53220429893,10
2022-12-23,123924.20886561346,10
2022-12-27,124557.14339818907,10
2022-12-28,120616.83446935847,10
2022-12-29,121227.09410100519,7
2022-12-30,121233.30784703797,7
2023-01-03,120749.21235008758,6
2023-01-04,122068.1794371953,6
2023-01-05,121574.8089283064,6
2023-01-06,122649.25754368331,6
2023-01-09,122436.40350339476,6
2023-01-10,123281.42162997427,10
2023-01-11,123302.27353090308,10
2023-01-12,124625.55207737231,10
2023-01-13,126037.58497429187,10
2023-01-17,125484.6437140979,10
2023-01-18,123592.64825854878,10
2023-01-19,122921.39173364789,9
2023-01-20,123475.55066100456,8
2023-01-23,123889.79123890956,8
2023-01-24,124047.82184482361,10
2023-01-25,124592.65425808415,10
2023-01-26,126178.924373892,10
2023-01-27,125717.46805262292,10
2023-01-30,124807.49327312538,10
2023-01-31,125685.08789679516,10
2023-02-01,126118.74725901817,10
2023-02-02,123110.23855409391,10
2023-02-03,123913.2947288169,7
2023-02-06,123350.92738545156,7
2023-02-07,121386.4926795757,10
2023-02-08,119326.78813720496,9
2023-02-09,118470.35759667588,9
2023-02-10,118475.24644064848,8
2023-02-13,119678.97986350427,8
2023-02-14,120091.5977282775,10
2023-02-15,120513.00014885885,10
2023-02-16,119850.84842682106,10
2023-02-17,118875.82818201926,10
2023-02-21,115966.35816551096,10
2023-02-22,116101.75095253307,9
2023-02-23,116630.11135853903,9
2023-02-24,116341.5266142939,9
2023-02-27,117384.90934000035,9
2023-02-28,119366.7024186471,10
2023-03-01,120829.57444183354,10
2023-03-02,122271.42337260718,9
2023-03-03,124354.92166592984,9
2023-03-06,122793.15283089544,9
2023-03-07,121460.8274891689,10
2023-03-08,122006.80133946778,10
2023-03-09,118473.15821308145,10
2023-03-10,115204.17557566098,9
2023-03-13,113700.71061019308,7
2023-03-14,115596.87990679995,10
2023-03-15,113518.6084436306,9
2023-03-16,115960.0439751889,8
2023-03-17,114753.34831254158,8
2023-03-20,115238.13003018108,7
2023-03-21,116288.0702464373,10
2023-03-22,115021.72330408091,10
2023-03-23,116689.61255076283,10
2023-03-24,116362.81300929048,10
2023-03-27,116404.27119536817,10
2023-03-28,115990.34492346813,10
2023-03-29,116717.75499825063,10
2023-03-30,117287.64788462131,10
2023-03-31,119800.0237776013,10
2023-04-03,120537.70821457746,10
2023-04-04,118814.23991433164,10
2023-04-05,117283.78875744515,10
2023-04-06,116344.54683574954,9
2023-04-10,117955.22014885556,9
2023-04-11,118564.11732749573,10
2023-04-12,118354.6788099324,10
2023-04-13,119103.6982850767,10
2023-04-14,119557.61860925621,10
2023-04-17,120123.03000411126,10
2023-04-18,121768.54086318312,10
2023-04-19,121485.3721276125,10
2023-04-20,120777.31407322997,10
2023-04-21,120949.08176014278,10
2023-04-24,121604.49469589093,10
2023-04-25,119236.13683035373,10
2023-04-26,118533.99969385193,10
2023-04-27,119784.20043662164,9
2023-04-28,121095.50632497811,9
2023-05-01,121889.22021947033,8
2023-05-02,119804.40708132008,10
2023-05-03,121037.77277628332,8
2023-05-04,119899.94008607585,8
2023-05-05,121806.48881651022,8
2023-05-08,122844.92898977477,8
2023-05-09,122488.34321670685,10
2023-05-10,122724.49161924186,10
2023-05-11,122581.44106757262,10
2023-05-12,122170.08941147063,10
2023-05-15,122938.85313223276,10
2023-05-16,122976.61952827964,10
2023-05-17,123305.04489101528,9
2023-05-18,125082.84112692715,8
2023-05-19,124609.18254858605,8
2023-05-22,123632.98745162258,8
2023-05-23,120710.03466501896,10
2023-05-24,120379.73691023231,9
2023-05-25,124933.67566108114,9
2023-05-26,125756.87306095484,9
2023-05-30,126541.93890746235,8
2023-05-31,125176.89629399148,7
2023-06-01,127395.27039827555,7
2023-06-02,128517.54702488551,7
2023-06-05,128581.19029933104,7
2023-06-06,129586.76599063404,10
2023-06-07,127769.06558565608,10
2023-06-08,129340.11736383852,10
2023-06-09,130520.02632992962,10
2023-06-12,132502.13945804932,10
2023-06-13,134551.47202530876,10
2023-06-14,134932.50416186324,10
2023-06-15,136301.18992555482,10
2023-06-16,135784.88729949447,10
2023-06-20,137115.8312951434,10
2023-06-21,136500.76712705044,10
2023-06-22,136502.43147284698,10
2023-06-23,136399.60639170642,10
2023-06-26,134653.5883838348,10
2023-06-27,137665.6502274229,10
2023-06-28,137862.6735579995,10
2023-06-29,137925.06910276733,10
2023-06-30,139979.60321906974,10
2023-07-03,139545.8098818091,10
2023-07-05,140030.2770383905,10
2023-07-06,137717.54682875317,10
2023-07-07,138443.10560548975,10
2023-07-10,140361.19129759687,10
2023-07-11,140961.38267829447,10
2023-07-12,143966.6890948347,10
2023-07-13,145955.0482714795,10
2023-07-14,146003.6249047928,10
2023-07-17,147374.8013829124,10
2023-07-18,149663.7001217973,10
2023-07-19,149134.03815624226,10
2023-07-20,144583.4824665777,10
2023-07-21,142859.21267188495,10
2023-07-24,142464.14211936702,10
2023-07-25,145727.2704527356,9
2023-07-26,145138.3735415297,9
2023-07-27,145294.1008853001,9
2023-07-28,147529.13791335953,8
2023-07-31,147621.6404003638,8
2023-08-01,146994.24381333153,10
2023-08-02,144510.9546334267,10
2023-08-03,142629.99384089815,10
2023-08-04,143861.35509638378,7
2023-08-07,145594.7938786147,7
2023-08-08,144501.79294488655,9
2023-08-09,141636.7976936574,9
2023-08-10,141253.85886367748,8
2023-08-11,140272.18589022494,7
2023-08-14,142107.84913637806,7
2023-08-15,141085.71567462437,10
2023-08-16,139175.002317688,10
2023-08-17,134506.05033494197,8
2023-08-18,133598.5778995803,4
2023-08-21,133986.87613771265,4
2023-08-22,133509.22593739573,10
2023-08-23,134647.31985872972,10
2023-08-24,132449.9921320096,10
2023-08-25,133305.0169753909,10
2023-08-28,134241.19306689367,10
2023-08-29,136221.80407388922,10
2023-08-30,136554.96114541718,10
2023-08-31,137616.82514709918,10
2023-09-01,138498.5508477012,10
2023-09-05,137949.13993219344,10
2023-09-06,137577.26739532722,10
2023-09-07,137043.69776802443,10
2023-09-08,137671.90157935405,9
2023-09-11,137552.32386045944,9
2023-09-12,136584.66676964535,10
2023-09-13,135747.89668216588,10
2023-09-14,136198.13349744017,10
2023-09-15,133698.58591894712,10
2023-09-18,134192.32900635482,9
2023-09-19,133725.25332505975,10
2023-09-20,132420.28306629183,10
2023-09-21,129597.95051473062,8
2023-09-22,129746.52086239049,4
2023-09-25,129918.12721736995,4
2023-09-26,127689.01526113399,10
2023-09-27,128527.76965330332,9
2023-09-28,129231.31380383506,9
2023-09-29,128128.95222383967,9
2023-10-02,127129.24247265603,8
2023-10-03,125179.39477001218,10
2023-10-04,125590.07791463233,7
2023-10-05,125430.88724788447,5
2023-10-06,126152.77786154402,5
2023-10-09,126640.23544125898,5
2023-10-10,126707.15881970443,10
2023-10-11,128415.4893684005,10
2023-10-12,127170.42044965546,10
2023-10-13,125267.17937051925,9
2023-10-16,126569.27383433981,9
2023-10-17,126697.97558853675,10
2023-10-18,124827.74293896512,10
2023-10-19,122857.99975378397,10
2023-10-20,121080.36298088396,8
2023-10-23,121084.54134970967,7
2023-10-24,120696.56622123584,10
2023-10-25,118892.21033441968,9
2023-10-26,116661.31140935418,6
2023-10-27,116197.04970841578,3
2023-10-30,116579.28128827155,3
2023-10-31,117803.7024354809,10
2023-11-01,119896.63908986624,10
2023-11-02,120751.38219896624,10
2023-11-03,122203.31830418551,10
2023-11-06,123785.00176492974,10
2023-11-07,123376.1939944096,10
2023-11-08,123904.17651583771,10
2023-11-09,123592.38909434412,10
2023-11-10,125157.68352022927,10
2023-11-13,126410.55708180698,10
2023-11-14,128507.32005107691,10
2023-11-15,127417.22481653104,10
2023-11-16,127165.00299401216,10
2023-11-17,127503.33115075722,10
2023-11-20,128082.63218706455,10
2023-11-21,127125.22958224174,10
2023-11-22,128319.26327654319,10
2023-11-24,128207.70542719545,10
2023-11-27,128813.2967925765,10
2023-11-28,128422.38679832095,10
2023-11-29,128156.5578060814,9
2023-11-30,129744.40931648605,9
2023-12-01,129490.71757836995,9
2023-12-04,129590.6868172994,9
2023-12-05,129704.31577162647,10
2023-12-06,127810.90897975609,10
2023-12-07,128675.65127634077,9
2023-12-08,129551.72870182263,9
2023-12-11,130554.15556227276,8
2023-12-12,131598.9793963797,10
2023-12-13,132335.68880685483,10
2023-12-14,131573.72191987876,10
2023-12-15,131840.4481138694,9
2023-12-18,131952.16956482138,9
2023-12-19,133136.9291971056,10
2023-12-20,131102.23611511878,10
2023-12-21,132664.78222258863,10
2023-12-22,132710.11079980142,10
2023-12-26,133136.7434120391,10
2023-12-27,133815.69566542492,10
2023-12-28,134312.63920755146,10
2023-12-29,133370.846001871,10
2024-01-02,130386.14867908937,10
2024-01-03,128845.4722528669,9
2024-01-04,128839.52307262011,9
2024-01-05,129514.5102277921,8
2024-01-08,132600.3587240793,8
2024-01-09,133392.16087537163,10
2024-01-10,133726.973790041,9
2024-01-11,135123.48964378654,9
2024-01-12,135423.49979604094,9
2024-01-16,135653.61486847128,9
2024-01-17,134753.2103051946,9
2024-01-18,136415.40143732724,9
2024-01-19,139619.81280468806,9
2024-01-22,140714.89140563426,9
2024-01-23,140147.83960763353,10
2024-01-24,139585.29700095003,10
2024-01-25,140601.5841417882,10
2024-01-26,140099.47313071784,10
2024-01-29,141194.537595374,10
2024-01-30,141848.2681191428,10
2024-01-31,139497.3206136995,10
2024-02-01,143726.10852954825,9
2024-02-02,147352.25241400907,9
2024-02-05,145922.00272733546,9
2024-02-06,143578.51728265986,10
2024-02-07,145972.4710156749,10
2024-02-08,147060.2149274061,10
2024-02-09,148696.09448084564,10
2024-02-12,146750.32161015287,10
2024-02-13,146042.439143609,9
2024-02-14,148843.5790951242,8
2024-02-15,148154.80544359205,8
2024-02-16,147700.93056731793,8
2024-02-20,146450.9613000783,8
2024-02-21,142899.76533321827,8
2024-02-22,148731.52835211455,8
2024-02-23,149222.44164822376,8
2024-02-26,151927.90091949742,8
2024-02-27,152476.43390347724,10
2024-02-28,153566.25218232442,10
2024-02-29,155982.48312013358,10
2024-03-01,164332.9486387376,10
2024-03-04,166445.31894398047,10
2024-03-05,163853.86808264547,10
2024-03-06,168112.52440025445,10
2024-03-07,169810.56319121827,10
2024-03-08,165784.65135275433,10
2024-03-11,162072.8989273848,10
2024-03-12,166696.22910210423,10
2024-03-13,165734.9830816787,10
2024-03-14,165552.26140945803,9
2024-03-15,163428.17141605134,9
2024-03-18,165831.87352436857,9
2024-03-19,166475.4434910338,10
2024-03-20,169709.52487858266,9
2024-03-21,173611.63229998417,9
2024-03-22,173020.34983810474,8
2024-03-25,173466.30982310933,8
2024-03-26,171910.19940578254,10
2024-03-27,170875.07736701952,10
2024-03-28,171759.3676444814,10
2024-04-01,173443.4076826138,10
2024-04-02,172084.7830530747,10
2024-04-03,177725.01352329334,10
2024-04-04,172548.5742011723,10
2024-04-05,178427.2270446463,8
2024-04-08,176624.53232306815,8
2024-04-09,171838.4371610522,10
2024-04-10,171380.60852899292,6
2024-04-11,173369.09574489557,6
2024-04-12,169959.26267058594,6
2024-04-15,167191.77652334125,6
2024-04-16,168702.5543757105,9
2024-04-17,167166.31599437547,8
2024-04-18,164845.33541201023,8
2024-04-19,160631.16806508953,6
2024-04-22,161937.00014831353,5
2024-04-23,166300.09798632964,9
2024-04-24,167819.70793306734,9
2024-04-25,173244.02866232963,9
2024-04-26,175490.52165669392,9
2024-04-29,179007.38317244756,9
2024-04-30,175673.2062039811,9
2024-05-01,173353.06459131447,9
2024-05-02,177932.12694614162,9
2024-05-03,181018.28899140347,9
2024-05-06,185638.62196585734,9
2024-05-07,182893.9884975115,9
2024-05-08,188053.51616981634,9
2024-05-09,193654.69584079308,9
2024-05-10,193374.7714896628,9
2024-05-13,190764.33313035878,9
2024-05-14,192825.91544203652,9
2024-05-15,200799.1866386446,9
2024-05-16,194898.29196967484,9
2024-05-17,195398.697293301,9
2024-05-20,194588.12334262257,9
2024-05-21,196756.4884695166,9
2024-05-22,195518.99568325386,9
2024-05-23,197769.4361315106,9
2024-05-24,205688.21215076066,9
2024-05-28,207058.29616497472,9
2024-05-29,205731.70145051123,9
2024-05-30,205330.5997266352,9
2024-05-31,195288.52352095328,9
2024-06-03,189132.576918694,9
2024-06-04,186143.76995030986,9
2024-06-05,191603.8329595572,9
2024-06-06,184426.71313882121,9
2024-06-07,182591.83866432143,8
2024-06-10,183960.81576208794,6
2024-06-11,184705.75686214885,10
2024-06-12,185473.96130471205,8
2024-06-13,184387.651315506,6
2024-06-14,183102.30578067177,5
2024-06-17,182697.66333664846,5
2024-06-18,185002.33426196323,10
2024-06-20,180833.98295469247,10
2024-06-21,179925.05021900442,10
2024-06-24,177969.64862863216,10
2024-06-25,181395.4051943122,10
2024-06-26,178857.89655357058,9
2024-06-27,177566.39832704116,8
2024-06-28,176855.8204737396,6
2024-07-01,178148.20130412013,5
2024-07-02,178404.47295163097,10
2024-07-03,180788.69142168327,10
2024-07-05,180501.47656461596,10
2024-07-08,181925.2223266473,10
2024-07-09,181988.3847827578,10
2024-07-10,183855.28042571366,10
2024-07-11,181414.2271139822,10
2024-07-12,183178.18378087904,10
2024-07-15,185566.67519039367,10
2024-07-16,185117.620894836,10
2024-07-17,177349.5247445216,6
2024-07-18,174328.39097632683,6
2024-07-19,174600.04865012236,5
2024-07-22,175378.58498819848,5
2024-07-23,175371.11044167748,10
2024-07-24,169671.9525841463,9
2024-07-25,168670.78871728972,5
2024-07-26,170058.26825114657,5
2024-07-29,169228.6183962145,5
2024-07-30,168565.34399735398,10
2024-07-31,170361.01720449133,9
2024-08-01,167774.78255730247,8
2024-08-02,162594.91266674612,5
2024-08-05,159182.81359222022,2
2024-08-06,160434.98508515136,10
2024-08-07,157781.26744928668,10
2024-08-08,162088.03272651543,10
2024-08-09,162379.4760550119,10
2024-08-12,162315.73098607454,10
2024-08-13,164751.31930918858,10
2024-08-14,164683.9471437035,10
2024-08-15,166649.36499915592,10
2024-08-16,167422.64126979792,10
2024-08-19,168584.41302194772,10
2024-08-20,167334.6895602076,10
2024-08-21,169255.20475216853,10
2024-08-22,168884.986386813,10
2024-08-23,172180.60885783428,10
2024-08-26,172027.6234369004,10
2024-08-27,172188.1613078332,10
2024-08-28,171814.50153993402,10
2024-08-29,171767.1994113925,10
2024-08-30,172491.5862656151,10
2024-09-03,168688.81988699295,10
2024-09-04,169096.92230699665,10
2024-09-05,167088.67978976935,10
2024-09-06,165521.0528155542,9
2024-09-09,167325.15283272468,8
2024-09-10,168531.96387332905,10
2024-09-11,167701.52455780277,10
2024-09-12,168553.54082106316,10
2024-09-13,170001.4611103658,10
2024-09-16,170555.59515402012,10
2024-09-17,168702.00960642187,10
2024-09-18,168724.72974265378,10
2024-09-19,169010.3103270141,9
2024-09-20,168495.01704765979,9
2024-09-23,170265.26317240874,9
2024-09-24,170642.07420602534,10
2024-09-25,170263.37151358803,10
2024-09-26,170209.24961758038,10
2024-09-27,169855.4681553614,10
2024-09-30,170707.60631299534,10
2024-10-01,170875.20048231538,10
2024-10-02,171581.23710822317,10
2024-10-03,170360.07316774857,10
2024-10-04,170466.49621534717,10
2024-10-07,169995.35451856063,9
2024-10-08,170743.34235154174,10
2024-10-09,172396.08590936728,10
2024-10-10,170919.9712867285,10
2024-10-11,173026.29296062747,9
2024-10-14,173571.4100740274,9
2024-10-15,173714.77327545237,10
2024-10-16,175123.12523696042,10
2024-10-17,175760.71414615962,10
2024-10-18,175918.04295612726,10
2024-10-21,175768.67968711827,10
2024-10-22,174579.85567657874,10
2024-10-23,174955.49987359502,9
2024-10-24,176875.97488841246,9
2024-10-25,174334.78171467024,9
2024-10-28,175062.71147719215,8
2024-10-29,176990.99170870057,10
2024-10-30,177112.31197766456,10
2024-10-31,178301.03436767243,9
2024-11-01,175626.9505535777,9
2024-11-04,175767.80881140588,9
2024-11-05,180189.88938227034,10
2024-11-06,185675.76170095228,10
2024-11-07,185830.37516057576,9
2024-11-08,188598.97471299124,9
2024-11-11,190628.39329876675,9
2024-11-12,189090.02264063637,10
2024-11-13,188460.99280841392,10
2024-11-14,186593.03693002887,10
2024-11-15,185007.5013202784,10
2024-11-18,186629.0187763129,10
2024-11-19,189067.74366466593,10
2024-11-20,188170.33597761832,10
2024-11-21,190561.18349968878,10
2024-11-22,193160.06324401658,10
2024-11-25,193942.25085895142,10
2024-11-26,195601.33913164266,10
2024-11-27,193862.081492247,10
2024-11-29,195854.2399836121,10
2024-12-02,194975.200602187,10
2024-12-03,195121.54269251233,10
2024-12-04,200826.25725730386,10
2024-12-05,198997.7542055342,10
2024-12-06,199728.9064792324,10
2024-12-09,193866.18168777216,9
2024-12-10,192640.07143246682,10
2024-12-11,198080.72172241917,10
2024-12-12,198870.57206946166,10
2024-12-13,201195.75877531758,10
2024-12-16,203239.8206382874,10
2024-12-17,198648.0453064052,10
2024-12-18,188761.83586609212,9
2024-12-19,190501.6755467379,6
2024-12-20,193317.8339825893,5
2024-12-23,192810.88404653704,5
2024-12-24,194497.46180778244,10
2024-12-26,194377.0383411562,10
2024-12-27,191244.79238661996,10
2024-12-30,189235.10707932216,8
2024-12-31,187760.6272257453,10
2025-01-02,188241.88061760535,10
2025-01-03,190683.4854059244,9
2025-01-06,193554.818796118,8
2025-01-07,190427.34201101173,10
2025-01-08,191646.78595429787,9
2025-01-10,190316.75901632663,8
2025-01-13,188384.5677524013,7
2025-01-14,189504.0793292197,10
2025-01-15,193116.5695251408,10
2025-01-16,195110.33658476995,10
2025-01-17,199735.45558717253,10
2025-01-21,204822.90556397467,10
2025-01-22,209634.42818057316,10
2025-01-23,209939.83066656007,10
2025-01-24,212007.87697344896,10
2025-01-27,191662.04739050896,8
2025-01-28,195300.93850385954,10
2025-01-29,197277.29163370188,10
2025-01-30,200454.177774997,10
2025-01-31,196936.2615630361,10
2025-02-03,195727.7102275126,10
2025-02-04,197413.24227393413,10
2025-02-05,200483.82333373284,10
2025-02-06,203040.54576042824,10
2025-02-07,202745.69408173108,10
2025-02-10,201211.75061470826,10
2025-02-11,199463.5530757017,10
2025-02-12,202339.5388170392,10
2025-02-13,206081.46026540812,9
2025-02-14,209381.08851553814,8
2025-02-18,208759.05282609293,8
2025-02-19,208727.98442200292,8
2025-02-20,204288.93704825174,8
2025-02-21,196685.8101910469,8
2025-02-24,195159.53677697122,7
2025-02-25,190931.42974734554,10
2025-02-26,193525.5510626919,8
2025-02-27,192909.28460227646,8
2025-02-28,195339.691420189,7
2025-03-03,193154.25496423658,7
2025-03-04,185567.32531879933,10
2025-03-05,186448.68518103394,8
2025-03-06,183239.1278644014,6
2025-03-07,182437.6119141587,6
2025-03-10,181336.32898671582,4
2025-03-11,178199.21100644316,10
2025-03-12,177655.54748893983,8
2025-03-13,176710.18239755408,7
2025-03-14,177667.8621434787,7
2025-03-17,179020.32586240052,7
2025-03-18,177685.45329472574,10
2025-03-19,177291.59697687486,8
2025-03-20,176922.74514515503,8
2025-03-21,176557.9218526691,8
2025-03-24,176915.8775916276,8
2025-03-25,176027.2114867603,10
2025-03-26,176915.9881679646,10
2025-03-27,177456.38651036881,10
2025-03-28,177267.99253577055,9
2025-03-31,179198.21468541984,9
2025-04-01,179488.36676116925,10
2025-04-02,179185.33653360512,10
2025-04-03,178259.71881511863,10
2025-04-04,169574.41698181053,7
2025-04-07,166528.53067793598,3
2025-04-08,163481.35301398372,10
2025-04-09,164016.65370896916,7
2025-04-10,165584.55686918195,7
2025-04-11,167762.88645609532,7
2025-04-14,169429.57062216452,7
2025-04-15,169508.79980628457,10
2025-04-16,168761.1224927826,10
2025-04-17,170128.51755504825,9
2025-04-21,168227.30644208906,9
2025-04-22,170232.0487716315,10
2025-04-23,169006.71474942632,10
2025-04-24,168159.25587626407,9
2025-04-25,167640.96028395128,9
2025-04-28,168421.68760169137,9
2025-04-29,169784.679822181,10
2025-04-30,170814.78155230117,10
2025-05-01,169727.40855327636,10
2025-05-02,168592.463605863,10
2025-05-05,169800.3387671884,10
2025-05-06,171195.55317762605,10
2025-05-07,171752.47902653643,10
2025-05-08,166885.41828959686,10
2025-05-09,166937.03380554495,8
2025-05-12,163681.38308108327,8
2025-05-13,163153.2809087302,10
2025-05-14,162993.97649177274,8
2025-05-15,165242.78593435785,7
2025-05-16,166103.36862489823,7
2025-05-19,167416.0328169204,7
2025-05-20,167359.80595920625,10
2025-05-21,165459.8662125909,10
2025-05-22,165266.79517184882,10
2025-05-23,166529.871030745,10
2025-05-27,168677.5266859475,10
2025-05-28,168645.41555857623,10
2025-05-29,167796.2423582067,10
2025-05-30,169898.64067572853,10
2025-06-02,171535.0926591646,10
2025-06-03,172224.73554463836,10
2025-06-04,171092.23272544285,10
2025-06-05,169982.09695616647,9
2025-06-06,170659.76257559517,9
2025-06-09,170180.23290398828,9
2025-06-10,168092.29291213222,10
2025-06-11,170897.53041122083,10
2025-06-12,171129.4947388937,10
2025-06-13,170582.21397199624,9
2025-06-16,172357.4500737156,9
2025-06-17,171759.25490161811,10
2025-06-18,172464.0822452626,10
2025-06-20,172117.31788101717,10
2025-06-23,174723.9326785735,10
2025-06-24,176738.5484768084,10
2025-06-25,175837.89751299148,10
2025-06-26,177014.6916508095,10
2025-06-27,177276.73379900452,10
2025-06-30,180359.5312463729,10
2025-07-01,175544.65371754437,10
2025-07-02,176081.89680121536,10
2025-07-03,177945.09180383894,9
2025-07-07,179906.63804484898,9
2025-07-08,178112.4355466747,10
2025-07-09,180687.98377327865,10
2025-07-10,178600.10721333197,10
2025-07-11,178981.95135233493,10
2025-07-14,181588.11714559415,10
2025-07-15,181035.7046257847,10
2025-07-16,180780.75582895475,10
2025-07-17,181747.90525980497,10
2025-07-18,183354.7845754106,9
2025-07-21,182780.94173665342,8
2025-07-22,178820.3082085033,10
2025-07-23,184406.22203274613,9
2025-07-24,185003.52660894164,8
2025-07-25,186880.54782498485,8
2025-07-28,187747.53007735655,8
2025-07-29,186872.86733095674,10
2025-07-30,189000.80506886897,9
2025-07-31,187550.35596324678,9
2025-08-01,185705.0202337136,9
2025-08-04,190031.50727004715,9
2025-08-05,189279.9346409384,10
2025-08-06,191636.0449180536,10
2025-08-07,192915.49213360113,10
2025-08-08,193133.59321017878,10
2025-08-11,192377.09888647287,10
2025-08-12,196434.0569492727,10
2025-08-13,192996.75666860226,10
2025-08-14,191360.07763775208,9
2025-08-15,189856.92404590343,9
2025-08-18,190334.40103785132,9
2025-08-19,184856.18508374816,10
2025-08-20,183548.78721942054,10
2025-08-21,183078.50575760056,10
2025-08-22,185031.95330359394,9
2025-08-25,185226.0377314072,9
2025-08-26,186671.3003505976,10
2025-08-27,185971.1040757168,10
2025-08-28,187539.4343621477,10
2025-08-29,183784.40686748087,10
2025-09-02,182994.46601712005,10
2025-09-03,184760.03342406228,7
2025-09-04,186769.03198247406,6
2025-09-05,188360.24341935336,6
2025-09-08,189546.40476455647,5
2025-09-09,190791.91447976066,10
2025-09-10,194064.77564973393,10
2025-09-11,193218.58875539782,9
2025-09-12,191603.13045409383,9
2025-09-15,193771.44941464762,9
2025-09-16,193384.12379198315,10
2025-09-17,192703.82587207147,10
2025-09-18,196340.43316262157,10
2025-09-19,199299.15172668218,10
2025-09-22,199623.2964801063,10
2025-09-23,200496.26898829042,10
2025-09-24,199204.91914637436,10
2025-09-25,196050.50818264746,10
2025-09-26,196737.71872652412,10
2025-09-29,201690.53865060103,10
2025-09-30,203974.943341342,9
2025-10-01,207842.2710077998,9
2025-10-02,209750.2130781531,9
2025-10-03,208596.01340556235,9
2025-10-06,207404.9515523404,9
2025-10-07,205327.3748718067,10
2025-10-08,209352.70534084528,10
2025-10-09,207798.2098052114,10
2025-10-10,198985.47174647806,10
2025-10-13,205196.1486084835,8
2025-10-14,203129.255852636,10
2025-10-15,209429.16335980638,10
2025-10-16,211441.28517931374,10
2025-10-17,208378.7059012342,10
2025-10-20,210797.73935672163,10
2025-10-21,206500.6316247056,10
2025-10-22,204169.01417347183,9
2025-10-23,209684.13901412266,9
2025-10-24,212670.50907910307,9
2025-10-27,214372.8092990367,9
2025-10-28,214659.8391168288,10
2025-10-29,222001.04394918206,10
2025-10-30,218409.99279242905,10
2025-10-31,221546.7881462737,10
2025-11-03,223550.95264370323,9
2025-11-04,215827.81165935582,10
2025-11-05,221304.18851509708,9
2025-11-06,217314.39911834968,9
2025-11-07,214494.84893829888,7
2025-11-10,221694.45403606156,7
2025-11-11,216669.28048361462,10
2025-11-12,217362.3766222468,8
2025-11-13,208799.97374480165,7
2025-11-14,207225.98367563318,6
2025-11-17,208134.40664401092,6
2025-11-18,206031.3363576535,10
2025-11-19,207260.24306803802,10
2025-11-20,198026.3318602914,10
2025-11-21,199349.54814800608,7
2025-11-24,205385.26136561355,7
2025-11-25,209122.1745842701,10
2025-11-26,212681.42036354347,10
2025-11-28,215128.01760205906,10
2025-12-01,213638.5914072558,10
2025-12-02,213514.34706911579,10
2025-12-03,211258.5472566907,10
2025-12-04,212433.39272728903,10
2025-12-05,217561.33720013066,10
2025-12-08,219641.11110936795,10
2025-12-09,220554.84802568864,10
2025-12-10,227672.56121795825,10
2025-12-11,229078.87461836712,10
2025-12-12,219577.21196626688,10
2025-12-15,219424.3236403674,8
2025-12-16,219275.974702008,10
2025-12-17,212663.02055075875,8
2025-12-18,218034.74200527134,8
2025-12-19,221615.98449829512,8
2025-12-22,220742.02770766217,8
2025-12-23,221412.17721425186,10
2025-12-24,222583.85843669772,10
2025-12-26,222757.97972436118,10
2025-12-29,221099.22341244295,10
2025-12-30,219342.80457175642,10
2025-12-31,216899.0842012976,10
2026-01-02,225196.60764242828,10
2026-01-05,228687.3640918966,10
2026-01-06,242159.60616459834,9
2026-01-07,234967.61506611336,9
2026-01-08,229389.86012066362,9
2026-01-09,238150.531367783,9
2026-01-12,243243.01638345522,9
2026-01-13,245158.9154451592,10
2026-01-14,242064.35531728168,10
2026-01-15,246309.78960642492,10
2026-01-16,245774.9163231371,9
2026-01-20,244609.3146847597,9
2026-01-21,254136.8095311051,9
2026-01-22,253324.53414292945,9
2026-01-23,250633.04566750533,9
2026-01-26,253712.05124794345,9
2026-01-27,260901.87416985843,10
2026-01-28,275402.5818954774,10
2026-01-29,278093.6948815198,10
2026-01-30,263856.75882860593,10
2026-02-02,274273.92642257,10
2026-02-03,281498.6495463192,10
2026-02-04,269213.8995347425,8
2026-02-05,265885.8307230384,8
2026-02-06,278054.099432372,8
2026-02-09,278906.7971440852,8
2026-02-10,268897.29754601605,10
2026-02-11,272831.31744015426,7
2026-02-12,270032.4249204908,7
2026-02-13,270940.07915232715,6
2026-02-17,269811.17815526633,6
2026-02-18,275176.1807751432,6
2026-02-19,271002.49036670907,6
2026-02-20,274029.18406020897,6
2026-02-23,271035.71544242825,6
2026-02-24,270860.2093175671,9
2026-02-25,278980.31270990224,9
2026-02-26,274622.8517922331,9
2026-02-27,271429.1823203246,8
2026-03-02,267179.98551818274,8
2026-03-03,254228.26992428047,10
2026-03-04,259608.70505464158,8
2026-03-05,254011.24301070013,7
2026-03-06,243936.66869618752,6
2026-03-09,249245.1340296051,3
2026-03-10,251293.89970583154,9
2026-03-11,252202.39335348023,8
2026-03-12,246278.60145250201,7
2026-03-13,249663.72683709103,7
2026-03-16,256729.7821152169,7
2026-03-17,266616.1009574925,9
2026-03-18,265831.60776268865,9
2026-03-19,272339.9983871685,9
2026-03-20,259277.64332900345,9
2026-03-23,262516.0128555676,9
2026-03-24,271041.1060951667,9
2026-03-25,269641.13884786464,8
2026-03-26,253751.75080003616,8
2026-03-27,254054.54079331848,7
2026-03-30,242677.1792502717,6
2026-03-31,247083.4747427885,10
2026-04-01,245976.01992192958,10
2026-04-02,250563.88588709547,10
2026-04-06,250419.95198935215,10
2026-04-07,253328.04596942512,10
2026-04-08,253565.94998203893,8
2026-04-09,252958.5119644932,7
2026-04-10,254336.65089001146,7
2026-04-13,255053.58758491906,7
2026-04-14,252124.67541081202,10
2026-04-15,250100.85998655617,10
2026-04-16,252206.20362573036,10
2026-04-17,250160.7470388204,8
2026-04-20,249644.44128116273,7
2026-04-21,247749.77261142197,10
2026-04-22,253392.19527290034,9
2026-04-23,256044.2248192937,9
2026-04-24,258446.83533690468,9
2026-04-27,257662.3447862903,9
2026-04-28,245593.91347484686,10
2026-04-29,245541.32890224527,9
2026-04-30,257135.19875181027,9
2026-05-01,259106.2604795808,9
2026-05-04,262466.51627224754,9
2026-05-05,271329.9821334493,10
2026-05-06,280952.8303381001,10
2026-05-07,271595.09895561653,10
2026-05-08,280816.2402494221,10
2026-05-11,296950.0211636153,10
2026-05-12,289587.527560137,10
2026-05-13,294465.20457351796,10
2026-05-14,292874.67571749754,10
2026-05-15,278204.11347111844,10
2026-05-18,264697.97840110096,8
2026-05-19,268083.77414733695,10
2026-05-20,274681.10364127473,10
2026-05-21,284974.9470000671,10
2026-05-22,285731.02937186864,10
2026-05-26,300909.7582183541,10
2026-05-27,296747.1020049332,10
2026-05-28,292539.8507217158,10
2026-05-29,295116.9225570893,8
2026-06-01,298427.66646120284,8
2026-06-02,327810.47014986526,10
2026-06-03,328172.40806958114,10
2026-06-04,319310.408903381,10
2026-06-05,286894.31103556324,9
2026-06-08,299727.7774861695,7
2026-06-09,283873.3534468457,10
2026-06-10,275264.6308983621,6
2026-06-11,290567.7284964715,5
2026-06-12,290579.8672804079,5
2026-06-15,304830.29170613596,5
2026-06-16,287474.2610436197,10
2026-06-17,289639.11353075516,8
2026-06-18,303507.61842655076,8
2026-06-22,313788.6646257428,8
2026-06-23,288890.7594736703,10
2026-06-24,288596.8193668372,9
2026-06-25,307500.0564410785,9
2026-06-26,291002.4566683739,7
2026-06-29,301107.5386934493,7
2026-06-30,309683.51808501483,10
2026-07-01,289445.93986625475,10
2026-07-02,269965.84396987944,7
2026-07-06,273051.77549548005,7
2026-07-07,264234.11333501554,10
2026-07-08,266834.8839490034,9
2026-07-09,276615.0800307025,9
2026-07-10,271132.6655927384,9
2026-07-13,265378.3443804455,9
2026-07-14,281005.13100114535,10
2026-07-15,271331.7114919154,10
2026-07-16,263810.9498771188,8
2026-07-17,265380.6996425428,7
2026-07-20,263261.15442712966,7
2026-07-21,263355.0948985454,10
2026-07-22,259495.55966016365,10
2026-07-23,254975.47609030711,10
2026-07-24,253613.7524953019,10
2026-07-27,251421.1648258346,9
2026-07-28,247736.7359249738,10
2026-07-29,247040.73191783644,9
2026-07-30,249631.74785583682,9
2026-07-31,250127.19761812035,8
2026-08-03,249320.89053219603,7
2026-08-04,253103.67904333977,10
2026-08-05,246039.6656587491,9
2026-08-06,241783.55593328725,8
2026-08-07,242224.6676294717,8
2026-08-10,250898.52158812893,8
2026-08-11,253277.58674038286,10
2026-08-12,257534.0670415658,10
2026-08-13,263554.8872427249,10
2026-08-14,260025.14775593646,10
2026-08-17,259041.95446040275,10
2026-08-18,259723.17144747727,10
2026-08-19,252284.952652501,9
2026-08-20,250051.05405410315,8
2026-08-21,252698.77558289998,8
2026-08-24,250039.51581748785,8
2026-08-25,247930.21106154908,10
2026-08-26,252275.4762641448,10
2026-08-27,251794.01229529805,8
2026-08-28,251147.07265409123,8
2026-08-31,251969.3336849333,8
2026-09-01,249338.2951064803,10
2026-09-02,252637.18234249883,8
2026-09-03,248500.22377670842,6
2026-09-04,247251.039370557,6
