Date,equity
2020-08-28,100000.0
2020-08-31,99637.74482637434
2020-09-01,100576.18271483995
2020-09-02,102030.91268094444
2020-09-03,98519.60666899638
2020-09-04,97715.20432906464
2020-09-08,95045.33530296902
2020-09-09,96922.24888964593
2020-09-10,95239.30875088605
2020-09-11,95287.80920219263
2020-09-14,96542.86590121467
2020-09-15,97030.62107328068
2020-09-16,96645.56662299327
2020-09-17,95795.52791999231
2020-09-18,94692.68380475312
2020-09-21,93638.77495289614
2020-09-22,94592.42181157268
2020-09-23,92398.75708022935
2020-09-24,92645.01195402372
2020-09-25,94142.83557779861
2020-09-28,95706.48596885063
2020-09-29,95185.25026696043
2020-09-30,95906.96269302939
2020-10-01,96522.64713969747
2020-10-02,95606.24288054304
2020-10-05,97301.62242564076
2020-10-06,95918.37178379668
2020-10-07,97588.0217969403
2020-10-08,98452.8913726951
2020-10-09,99332.10974694598
2020-10-12,100930.10083953704
2020-10-13,100271.43616443573
2020-10-14,99641.37456196228
2020-10-15,99518.2471250651
2020-10-16,99458.11072451697
2020-10-19,97946.004469301
2020-10-20,98338.3278432007
2020-10-21,98152.19046508161
2020-10-22,98690.60124395954
2020-10-23,99025.63340067564
2020-10-26,97195.66061329487
2020-10-27,96860.59064683305
2020-10-28,93550.03547972013
2020-10-29,94500.7804404136
2020-10-30,93515.61915868967
2020-11-02,94563.79983407192
2020-11-03,96233.40258503341
2020-11-04,98384.14380256204
2020-11-05,100302.92223017383
2020-11-06,100280.01897671138
2020-11-09,101540.11382434897
2020-11-10,101391.17178356982
2020-11-11,102144.37027537689
2020-11-12,101153.49026961469
2020-11-13,102553.90653601004
2020-11-16,103834.05945374559
2020-11-17,103275.60005720615
2020-11-18,102032.6897389927
2020-11-19,102462.25571241454
2020-11-20,101760.5919040071
2020-11-23,102370.62379369188
2020-11-24,104020.1968318647
2020-11-25,103859.81734300898
2020-11-27,104149.0524452366
2020-11-30,103688.00040607667
2020-12-01,104822.065918834
2020-12-02,105042.57235580143
2020-12-03,105013.94092586424
2020-12-04,105918.92664181495
2020-12-07,105701.26538821204
2020-12-08,106010.55856053761
2020-12-09,105059.74743278917
2020-12-10,105025.37837394084
2020-12-11,104902.2320321708
2020-12-14,104432.56882342593
2020-12-15,105844.4225378979
2020-12-16,106010.55856053761
2020-12-17,106603.34920617967
2020-12-18,106177.73435118429
2020-12-21,105798.10559940593
2020-12-22,105619.75702890263
2020-12-23,105714.65003819256
2020-12-24,106125.91609469186
2020-12-28,107037.64139781495
2020-12-29,106833.43096124755
2020-12-30,106985.87985594108
2020-12-31,107529.44221267168
2021-01-04,106065.53393079664
2021-01-05,106796.04657517905
2021-01-06,107434.52084607245
2021-01-07,109030.73488061526
2021-01-08,109651.97735990238
2021-01-11,108912.83464106216
2021-01-12,108935.82296645246
2021-01-13,109229.17933096222
2021-01-14,108846.67703851008
2021-01-15,108052.87087981292
2021-01-19,108901.31212105774
2021-01-20,110408.37077522172
2021-01-21,110509.00141342281
2021-01-22,110117.88795138575
2021-01-25,110552.15178571176
2021-01-26,110379.60701117458
2021-01-27,107681.8532976195
2021-01-28,108607.96520898439
2021-01-29,106433.65906744343
2021-02-01,108205.31032207004
2021-02-02,109735.36675406074
2021-02-03,109821.64859376576
2021-02-04,111069.85227637827
2021-02-05,111507.00855625093
2021-02-08,112312.30887764323
2021-02-09,112237.50229576051
2021-02-10,112188.63319943326
2021-02-11,112369.83640573753
2021-02-12,112924.88347272684
2021-02-16,112827.08856545383
2021-02-17,112853.00714613646
2021-02-18,112372.70994641131
2021-02-19,112174.24659119149
2021-02-22,111311.42819414132
2021-02-23,111446.59803504642
2021-02-24,112674.70583781529
2021-02-25,109959.69197534466
2021-02-26,109393.11293591447
2021-03-01,112044.82383163397
2021-03-02,111170.53962919794
2021-03-03,109697.98236799224
2021-03-04,108340.48016297513
2021-03-05,110333.60200308471
2021-03-08,109784.27366013368
2021-03-09,111351.70502575647
2021-03-10,112044.82383163397
2021-03-11,113180.84599873169
2021-03-12,113333.2948934252
2021-03-15,114009.16300282354
2021-03-16,113865.35363502424
2021-03-17,114253.62191369678
2021-03-18,112591.28808634762
2021-03-19,112382.96583993452
2021-03-22,113280.30453481583
2021-03-23,112388.72237371853
2021-03-24,111817.38875876559
2021-03-25,112446.42949810493
2021-03-26,114258.50882332952
2021-03-29,114200.77334163383
2021-03-30,113897.82275415072
2021-03-31,114359.49865411484
2021-04-01,115594.45002085679
2021-04-05,117253.60782956654
2021-04-06,117184.34037542998
2021-04-07,117319.97338572
2021-04-08,117876.86367781257
2021-04-09,118733.85937402374
2021-04-12,118777.1231755498
2021-04-13,119129.15081296151
2021-04-14,118722.2990442736
2021-04-15,119997.65957674068
2021-04-16,120398.76426408102
2021-04-19,119807.22134004733
2021-04-20,118930.0541445011
2021-04-21,120055.38560599995
2021-04-22,118958.9029804761
2021-04-23,120248.71628823994
2021-04-26,120499.7351899935
2021-04-27,120473.77879956516
2021-04-28,120439.1545249333
2021-04-29,121206.68291036358
2021-04-30,120410.27733164903
2021-05-03,120669.98302247893
2021-05-04,119925.52803436678
2021-05-05,119963.0542069817
2021-05-06,120921.04918641462
2021-05-07,121801.09937507106
2021-05-10,120594.96848699483
2021-05-11,119518.6857181153
2021-05-12,116979.47772074913
2021-05-13,118384.69582484939
2021-05-14,120202.55058873081
2021-05-17,119896.6791983918
2021-05-18,118863.69804078405
2021-05-19,118552.05121178817
2021-05-20,119827.44010156454
2021-05-21,119729.33326388944
2021-05-24,120949.87911751676
2021-05-25,120681.49609004693
2021-05-26,120921.04918641462
2021-05-27,120984.49393971218
2021-05-28,121200.91692414317
2021-06-01,121094.14220226456
2021-06-02,121284.58989139434
2021-06-03,120834.46486874395
2021-06-04,121939.56811628917
2021-06-07,121821.29923171543
2021-06-08,121847.2650745802
2021-06-09,121665.4852696539
2021-06-10,122231.03399351354
2021-06-11,122433.00420264776
2021-06-14,122707.14376390158
2021-06-15,122482.06234770354
2021-06-16,121798.197477088
2021-06-17,121757.81666867215
2021-06-18,120115.2856956374
2021-06-21,121834.8067633695
2021-06-22,122486.16470511282
2021-06-23,122338.51764812418
2021-06-24,123062.23399071563
2021-06-25,123499.37136571543
2021-06-28,123748.32963632791
2021-06-29,123814.95040826491
2021-06-30,123919.12571012611
2021-07-01,124605.22135573837
2021-07-02,125557.64885011585
2021-07-06,125328.95660320269
2021-07-07,125771.85996442293
2021-07-08,124747.1024265066
2021-07-09,126078.72386058676
2021-07-12,126530.34236819262
2021-07-13,126098.98988428611
2021-07-14,126287.16898867342
2021-07-15,125855.83540963977
2021-07-16,124868.67021139334
2021-07-19,123024.61329373645
2021-07-20,124787.58721172313
2021-07-21,125797.92033165196
2021-07-22,126061.3597348705
2021-07-23,127358.28127482743
2021-07-26,127670.92060964814
2021-07-27,127089.08533782489
2021-07-28,127036.95515093037
2021-07-29,127563.79614762172
2021-07-30,126944.32127394647
2021-08-02,126677.97052030843
2021-08-03,127708.56021150017
2021-08-04,127080.37019143926
2021-08-05,127885.14117639163
2021-08-06,128096.46929758851
2021-08-09,127992.27509085444
2021-08-10,128151.49193002966
2021-08-11,128469.92560838009
2021-08-12,128854.95170135821
2021-08-13,129089.46664911034
2021-08-16,129393.4191948547
2021-08-17,128545.19535964773
2021-08-18,127138.25691211778
2021-08-19,127335.12280558144
2021-08-20,128348.34837105691
2021-08-23,129477.35683032584
2021-08-24,129682.90951286585
2021-08-25,129955.00734785145
2021-08-26,129187.88541718753
2021-08-27,130342.92588637624
2021-08-30,130916.10272643242
2021-08-31,130722.16708826108
2021-09-01,130791.64249599901
2021-09-02,131194.05161956628
2021-09-03,131162.19690880753
2021-09-07,130693.20482304897
2021-09-08,130533.96907900092
2021-09-09,129975.2733715508
2021-09-10,128950.47802388878
2021-09-13,129280.5003892986
2021-09-14,128582.83496149976
2021-09-15,129656.85859807323
2021-09-16,129451.31536796966
2021-09-17,128190.30363399864
2021-09-20,126052.84308964983
2021-09-21,125933.79910528907
2021-09-22,127162.22829089647
2021-09-23,128707.22902487815
2021-09-24,128919.26607880704
2021-09-27,128550.43200942824
2021-09-28,125959.90673470026
2021-09-29,126171.91543131987
2021-09-30,124629.77878557555
2021-10-01,126110.89995418403
2021-10-04,124484.57045718504
2021-10-05,125779.8567256401
2021-10-06,126302.59536492219
2021-10-07,127394.55972583398
2021-10-08,127162.22829089647
2021-10-11,126241.60824509563
2021-10-12,125930.86884999674
2021-10-13,126383.92412793948
2021-10-14,128509.74872304672
2021-10-15,129488.46344312748
2021-10-18,129871.82590729446
2021-10-19,130873.78416854904
2021-10-20,131387.79820900905
2021-10-21,131730.50574410384
2021-10-22,131594.00310966253
2021-10-25,132299.7220132971
2021-10-26,132418.80380740357
2021-10-27,131832.13834056616
2021-10-28,133104.1810678474
2021-10-29,133374.2749863105
2021-11-01,133603.68561839208
2021-11-02,134143.85455044545
2021-11-03,134962.85145222035
2021-11-04,135598.85863720634
2021-11-05,136069.34420792034
2021-11-08,136185.50519917088
2021-11-09,135735.34236677477
2021-11-10,134643.37800586296
2021-11-11,134686.9442853547
2021-11-12,135703.40258408818
2021-11-15,135749.87076156295
2021-11-16,136287.14724806964
2021-11-17,135956.07566221643
2021-11-18,136417.81772923554
2021-11-19,136173.89760723858
2021-11-22,135790.5351430716
2021-11-23,135970.5946045682
2021-11-24,136333.62487798085
2021-11-26,133292.9462232932
2021-11-29,134927.9908666778
2021-11-30,132302.63336371662
2021-12-01,130833.11033460396
2021-12-02,132836.9890473674
2021-12-03,131681.13566864596
2021-12-06,133240.67424985228
2021-12-07,135996.7400437251
2021-12-08,136356.8684191547
2021-12-09,135436.21056360813
2021-12-10,136711.15518887245
2021-12-13,135500.11848629062
2021-12-14,134567.86249124823
2021-12-15,136670.5002598002
2021-12-16,135465.29571049378
2021-12-17,134023.53448716705
2021-12-20,132598.41900438812
2021-12-21,134953.22887193772
2021-12-22,136302.59252919126
2021-12-23,137150.6651254154
2021-12-27,139091.65677863048
2021-12-28,138977.97232572376
2021-12-29,139155.7632024779
2021-12-30,138771.05849233828
2021-12-31,138421.31834454188
2022-01-03,139222.80933405412
2022-01-04,139176.1521078508
2022-01-05,136503.67420930133
2022-01-06,136375.4424567336
2022-01-07,135836.27548294154
2022-01-10,135667.2564671916
2022-01-11,136902.91676666558
2022-01-12,137273.0552722713
2022-01-13,135381.64164811547
2022-01-14,135437.004568268
2022-01-18,133038.4771822438
2022-01-19,131657.05086063014
2022-01-20,130199.86326105463
2022-01-21,127643.93390364923
2022-01-24,128186.00277542438
2022-01-25,126621.01959083616
2022-01-26,126303.35155983634
2022-01-27,125679.64199464179
2022-01-28,128800.96883692402
2022-01-31,131120.804689694
2022-02-01,132006.7626511173
2022-02-02,133289.10853410387
2022-02-03,130156.16464745294
2022-02-04,130768.17209635094
2022-02-07,130348.49337143169
2022-02-08,131420.99516574043
2022-02-09,133344.48090669283
2022-02-10,130948.87432352458
2022-02-11,128366.71445503442
2022-02-14,127947.0451825516
2022-02-15,130010.42698262255
2022-02-16,130156.16464745294
2022-02-17,127375.83444927222
2022-02-18,126551.05265640403
2022-02-22,125192.95494789202
2022-02-23,122972.20898618555
2022-02-24,124822.84479959558
2022-02-25,127576.92558181872
2022-02-28,127250.52349956041
2022-03-01,125312.45264920128
2022-03-02,127617.73174987378
2022-03-03,126982.38623543769
2022-03-04,125950.70006162043
2022-03-07,122237.79248555879
2022-03-08,121311.0094512076
2022-03-09,124563.45103916778
2022-03-10,124000.99326201974
2022-03-11,122424.29850869856
2022-03-14,121529.58759114394
2022-03-15,124202.06548969338
2022-03-16,126956.14627191654
2022-03-17,128544.50533178856
2022-03-18,129952.41738027048
2022-03-21,129914.41858583421
2022-03-22,131434.57831688595
2022-03-23,129741.94943078845
2022-03-24,131697.7057897024
2022-03-25,132340.87792149998
2022-03-28,133282.1988030758
2022-03-29,134931.01564633445
2022-03-30,134097.85899479198
2022-03-31,132033.900596099
2022-04-01,132408.1036493683
2022-04-04,133542.39602059987
2022-04-05,131855.5898353414
2022-04-06,130537.08838302181
2022-04-07,131194.864529099
2022-04-08,130844.06570842277
2022-04-11,128607.64760712045
2022-04-12,128131.1408344025
2022-04-13,129598.71666161118
2022-04-14,127984.94945262358
2022-04-18,128037.56171377587
2022-04-19,130104.45036776121
2022-04-20,130007.95989671513
2022-04-21,128063.8962016613
2022-04-22,124549.93405507726
2022-04-25,125272.00567373044
2022-04-26,121644.01878652835
2022-04-27,121986.06465107325
2022-04-28,125067.36042508742
2022-04-29,120445.42149028437
2022-05-02,121170.45172153915
2022-05-03,121725.88633842199
2022-05-04,125432.81052222537
2022-05-05,120974.55942902746
2022-05-06,120252.46890550143
2022-05-09,116402.32140495721
2022-05-10,116671.27157861265
2022-05-11,114817.80948671096
2022-05-12,114697.96204525391
2022-05-13,117440.11385270627
2022-05-16,116963.59762755189
2022-05-17,119369.59243835334
2022-05-18,114557.62172162329
2022-05-19,113855.98627052513
2022-05-20,113905.71553856721
2022-05-23,116036.88076025569
2022-05-24,115151.10239512452
2022-05-25,116168.45867531856
2022-05-26,118489.64622649759
2022-05-27,121398.45394059314
2022-05-31,120717.30191923214
2022-06-01,119740.87468876671
2022-06-02,122021.13319021715
2022-06-03,120018.58727098991
2022-06-06,120384.0468205643
2022-06-07,121538.78481178735
2022-06-08,120217.3909139211
2022-06-09,117358.28411055835
2022-06-10,113955.39754442716
2022-06-13,109628.72436629212
2022-06-14,109298.3617131709
2022-06-15,110856.5580484046
2022-06-16,107187.63265903748
2022-06-17,107418.71637236665
2022-06-21,110122.84102807345
2022-06-22,109923.19611830026
2022-06-23,111000.71715635172
2022-06-24,114529.85046340096
2022-06-27,114092.39170556265
2022-06-28,111761.1562144618
2022-06-29,111670.1387041069
2022-06-30,110762.92221315944
2022-07-01,111934.38156442171
2022-07-05,112145.80420998286
2022-07-06,112524.53498030064
2022-07-07,114209.81932329442
2022-07-08,114115.89991495643
2022-07-11,112812.27659757283
2022-07-12,111814.00478652476
2022-07-13,111226.79107837459
2022-07-14,110956.67825503866
2022-07-15,113076.50055301479
2022-07-18,112142.84559738121
2022-07-19,115172.85245134287
2022-07-20,115906.89085451253
2022-07-21,117087.17878139755
2022-07-22,116000.83862015979
2022-07-25,116141.7649948489
2022-07-26,114767.68321633895
2022-07-27,117747.7812059664
2022-07-28,119224.62042087351
2022-07-29,120962.76278836666
2022-08-01,120604.57216240458
2022-08-02,119808.91332616776
2022-08-03,121685.0329081848
2022-08-04,121602.83452101621
2022-08-05,121397.32910065833
2022-08-08,121256.3554637871
2022-08-09,120774.87670950858
2022-08-10,123311.60816853089
2022-08-11,123311.60816853089
2022-08-12,125399.17875341835
2022-08-15,125915.90564313291
2022-08-16,126162.52916194792
2022-08-17,125267.0431446063
2022-08-18,125631.09428115308
2022-08-19,123942.87968286697
2022-08-22,121362.07151278589
2022-08-23,121068.47883736544
2022-08-24,121456.02873086956
2022-08-25,123170.71015115108
2022-08-26,119001.49565901583
2022-08-29,118214.63704109247
2022-08-30,116916.88368672998
2022-08-31,116027.2676324095
2022-09-01,116391.34712626555
2022-09-02,115164.06168546583
2022-09-06,114729.50482561058
2022-09-07,116790.61804093907
2022-09-08,117553.99680677791
2022-09-09,119380.23588177007
2022-09-12,120663.29069748867
2022-09-13,115416.55516730198
2022-09-14,115856.97253774192
2022-09-15,114541.6187467525
2022-09-16,113667.77880882855
2022-09-19,114549.26576782187
2022-09-20,113234.39405109023
2022-09-21,111259.16567313683
2022-09-22,110324.6127360427
2022-09-23,108476.132078138
2022-09-26,107403.05368520721
2022-09-27,107128.83850446198
2022-09-28,109236.7507325402
2022-09-29,106954.91367420646
2022-09-30,105301.01142015011
2022-10-03,108081.08640254733
2022-10-04,111430.16970053641
2022-10-05,111170.71922549004
2022-10-06,110023.92128086562
2022-10-07,106954.91367420646
2022-10-10,106138.27988153828
2022-10-11,105466.12657965573
2022-10-12,105118.22965696258
2022-10-13,107892.40631902937
2022-10-14,105433.6858178385
2022-10-17,108143.00931358014
2022-10-18,109413.63417539734
2022-10-19,108638.27917260556
2022-10-20,107727.31006439662
2022-10-21,110345.26630963555
2022-10-24,111695.49013860391
2022-10-25,113479.10817774702
2022-10-26,112624.14475536764
2022-10-27,112022.73348770422
2022-10-28,114687.82903340424
2022-10-31,113859.40805251169
2022-11-01,113361.17012844821
2022-11-02,110516.23252728941
2022-11-03,109378.27261072419
2022-11-04,110952.56644519293
2022-11-07,112013.89545964503
2022-11-08,112618.25588747366
2022-11-09,110298.07029455587
2022-11-10,116359.42624845181
2022-11-11,117485.59897679267
2022-11-14,116486.19287337337
2022-11-15,117479.71010889868
2022-11-16,116583.47734907932
2022-11-17,116226.742398327
2022-11-18,116754.46247160606
2022-11-21,116329.9346467998
2022-11-22,117895.39990564577
2022-11-23,118638.3046941839
2022-11-25,118611.7717051335
2022-11-28,116719.09145449648
2022-11-29,116518.60527788132
2022-11-30,120189.01469976746
2022-12-01,120100.60606186639
2022-12-02,119962.01443897474
2022-12-05,117803.99484539736
2022-12-06,116105.88354617226
2022-12-07,115908.34652972229
2022-12-08,116816.36647776603
2022-12-09,115943.71754683186
2022-12-12,117615.31476187943
2022-12-13,118505.64920136837
2022-12-14,117747.9891595678
2022-12-15,114867.68999373587
2022-12-16,113511.52058225496
2022-12-19,112548.98843333712
2022-12-20,112702.99698004109
2022-12-21,114388.16789379771
2022-12-22,112756.29926905256
2022-12-23,113404.90655179562
2022-12-27,112957.70233200114
2022-12-28,111553.86428361922
2022-12-29,113561.88316353764
2022-12-30,113262.75136037102
2023-01-03,112785.92320481453
2023-01-04,113656.66274359048
2023-01-05,112359.44817810433
2023-01-06,114936.0783712847
2023-01-09,114870.94163186674
2023-01-10,115676.48771660612
2023-01-11,117139.5641840756
2023-01-12,117566.04866322226
2023-01-13,118022.1192683852
2023-01-17,117805.91368999203
2023-01-18,115946.00503644718
2023-01-19,115101.94027326806
2023-01-20,117246.16876209852
2023-01-23,118652.96542308207
2023-01-24,118525.62219953848
2023-01-25,118570.04865074506
2023-01-26,119873.1615365616
2023-01-27,120148.60553404235
2023-01-30,118641.13097267557
2023-01-31,120385.54030551975
2023-02-01,121664.97483808686
2023-02-02,123436.04949409142
2023-02-03,122124.0324131607
2023-02-06,121377.69639019959
2023-02-07,122965.14801617464
2023-02-08,121620.53893444387
2023-02-09,120566.1763656384
2023-02-10,120847.56594563166
2023-02-13,122266.17815214886
2023-02-14,122209.92670297221
2023-02-15,122606.77779392044
2023-02-16,120918.63881512574
2023-02-17,120616.53894692108
2023-02-21,118196.85700817342
2023-02-22,118033.982076101
2023-02-23,118661.85071332338
2023-02-24,117394.26008359923
2023-02-27,117794.09814445837
2023-02-28,117358.73782750683
2023-03-01,116908.54663780144
2023-03-02,117817.76704527141
2023-03-03,119707.31853945111
2023-03-06,119790.26366909742
2023-03-07,117954.00501149273
2023-03-08,118146.52278420003
2023-03-09,115966.73422953143
2023-03-10,114293.40721861774
2023-03-13,114130.50392923603
2023-03-14,116017.08735837768
2023-03-15,115291.47107606441
2023-03-16,117314.30192386382
2023-03-17,115942.56434958779
2023-03-20,117057.4225115256
2023-03-21,118594.46429403579
2023-03-22,116572.82445322619
2023-03-23,116887.98758857288
2023-03-24,117655.01499487252
2023-03-27,117874.99209540004
2023-03-28,117610.41839981028
2023-03-29,119319.86317031126
2023-03-30,120018.50219906207
2023-03-31,121710.12912689829
2023-04-03,122173.9129201856
2023-04-04,121496.06925157404
2023-04-05,121177.975860935
2023-04-06,121650.66384933647
2023-04-10,121775.50217722694
2023-04-11,121808.25486944626
2023-04-12,121311.75619368533
2023-04-13,122923.0941265112
2023-04-14,122622.81857853694
2023-04-17,123062.82949421053
2023-04-18,123143.09013191158
2023-04-19,123122.27586689948
2023-04-20,122450.41559054617
2023-04-21,122545.52600587394
2023-04-24,122673.37966098459
2023-04-25,120726.0643277999
2023-04-26,120214.70642197585
2023-04-27,122607.94989603739
2023-04-28,123654.43858529921
2023-05-01,123529.57190009947
2023-05-02,122141.19803771202
2023-05-03,121302.84254613475
2023-05-04,120443.63497979967
2023-05-05,122673.37966098459
2023-05-08,122706.06618614892
2023-05-09,122167.96733767308
2023-05-10,122738.77161618609
2023-05-11,122524.72119329828
2023-05-12,122364.16210815043
2023-05-15,122786.32682384997
2023-05-16,121965.78917493748
2023-05-17,123446.34319736034
2023-05-18,124635.51641448669
2023-05-19,124454.17142163604
2023-05-22,124504.69469433797
2023-05-23,123107.41663683635
2023-05-24,122215.53199777337
2023-05-25,123273.9118520603
2023-05-26,124870.37164995019
2023-05-30,124917.9363100505
2023-05-31,124225.25231624866
2023-06-01,125405.51188582441
2023-06-02,127219.01852894945
2023-06-05,126975.2590983718
2023-06-06,127251.72395898662
2023-06-07,126811.73194818592
2023-06-08,127578.73099717627
2023-06-09,127807.66900743652
2023-06-12,128967.10485956373
2023-06-13,129817.38932591178
2023-06-14,129971.9744712378
2023-06-15,131583.35021380938
2023-06-16,131135.13458331724
2023-06-20,130454.77656661608
2023-06-21,129786.3664295586
2023-06-22,130254.8480837501
2023-06-23,129270.1121616654
2023-06-26,128741.95727631068
2023-06-27,130153.39508357986
2023-06-28,130219.05170700132
2023-06-29,130732.29064767434
2023-06-30,132275.03224934998
2023-07-03,132427.21647582357
2023-07-05,132230.26551043204
2023-07-06,131194.798362044
2023-07-07,130863.58498964438
2023-07-10,131194.798362044
2023-07-11,132030.32757512963
2023-07-12,133092.6301905337
2023-07-13,134148.96831855242
2023-07-14,134065.42768541118
2023-07-17,134530.93182212822
2023-07-18,135530.56478402176
2023-07-19,135831.946267058
2023-07-20,134930.77933542378
2023-07-21,134930.77933542378
2023-07-24,135533.55175393267
2023-07-25,135903.5862827377
2023-07-26,135924.4761672412
2023-07-27,135023.28087829772
2023-07-28,136345.2135650403
2023-07-31,136604.8247315059
2023-08-01,136213.91922307023
2023-08-02,134319.04600718213
2023-08-03,133934.13334344112
2023-08-04,133328.3645025849
2023-08-07,134492.12011815922
2023-08-08,133907.27897155224
2023-08-09,133012.067074867
2023-08-10,133059.8113312594
2023-08-11,132982.22573306717
2023-08-14,133716.29249354612
2023-08-15,132158.6443996252
2023-08-16,131188.8338746586
2023-08-17,130189.21981763793
2023-08-18,130251.87056627561
2023-08-21,131099.328754132
2023-08-22,130744.22907488154
2023-08-23,132200.42416863222
2023-08-24,130368.24896356398
2023-08-25,131287.3188097908
2023-08-28,132119.87050540192
2023-08-29,134029.62185622597
2023-08-30,134581.65359599513
2023-08-31,134384.74044034933
2023-09-01,134635.38124464577
2023-09-05,134053.47035333113
2023-09-06,133152.32232656976
2023-09-07,132743.4949986686
2023-09-08,132943.43293397105
2023-09-11,133817.75494615277
2023-09-12,133083.69763811026
2023-09-13,133238.86883449473
2023-09-14,134387.70850538736
2023-09-15,132768.5534076364
2023-09-18,132846.41312648504
2023-09-19,132570.91241438573
2023-09-20,131352.13416637026
2023-09-21,129181.11747270587
2023-09-22,128890.6441013063
2023-09-25,129432.63735359003
2023-09-26,127531.11907489382
2023-09-27,127582.00154018
2023-09-28,128321.67359546012
2023-09-29,128010.24417250205
2023-10-02,127959.32389747018
2023-10-03,126246.46679741907
2023-10-04,127165.78240699299
2023-10-05,127117.87745918131
2023-10-06,128627.1101737235
2023-10-09,129450.62534011048
2023-10-10,130124.37610374918
2023-10-11,130657.39899386377
2023-10-12,129860.87053347565
2023-10-13,129214.04030878085
2023-10-16,130573.56533519333
2023-10-17,130567.57249049864
2023-10-18,128827.74758932152
2023-10-19,127695.82777963308
2023-10-20,126126.6760705806
2023-10-23,125908.07902577141
2023-10-24,126857.3588588187
2023-10-25,125036.65891157274
2023-10-26,123539.40243398347
2023-10-27,122979.42119517931
2023-10-30,124449.7382289518
2023-10-31,125231.3129349125
2023-11-01,126566.89493985556
2023-11-02,128992.46574649718
2023-11-03,130169.29408164996
2023-11-06,130468.73781521866
2023-11-07,130840.06732781419
2023-11-08,130935.8961283104
2023-11-09,129914.74942110917
2023-11-10,131942.06072377495
2023-11-13,131816.2866046782
2023-11-14,134373.6149226748
2023-11-15,134658.10490181614
2023-11-16,134822.8230589918
2023-11-17,134990.50928120554
2023-11-20,136029.5967127451
2023-11-21,135733.1399490873
2023-11-22,136257.1924770327
2023-11-24,136341.03558813958
2023-11-27,136095.47074220437
2023-11-28,136230.24358077953
2023-11-29,136134.38642297403
2023-11-30,136670.4246403088
2023-12-01,137478.9576949591
2023-12-04,136757.2925310723
2023-12-05,136730.32472994627
2023-12-06,136179.3327581841
2023-12-07,137218.42018972363
2023-12-08,137808.35619956476
2023-12-11,138344.3566071538
2023-12-12,138976.21417254838
2023-12-13,140892.73346785412
2023-12-14,141344.8907643363
2023-12-15,141112.1812319417
2023-12-18,141905.9401284567
2023-12-19,142768.86250230757
2023-12-20,140790.45810571473
2023-12-21,142125.4162498536
2023-12-22,142411.04997380255
2023-12-26,143012.37616953815
2023-12-27,143270.96647286965
2023-12-28,143325.09112385026
2023-12-29,142910.16697445375
2024-01-02,142110.38687593478
2024-01-03,140949.81673143635
2024-01-04,140495.79730497804
2024-01-05,140688.22055332104
2024-01-08,142696.68369775155
2024-01-09,142480.2134511384
2024-01-10,143286.0052992249
2024-01-11,143222.88192876586
2024-01-12,143322.0852490665
2024-01-16,142795.905922925
2024-01-17,142002.14702641
2024-01-18,143264.94527086572
2024-01-19,145050.9169666791
2024-01-22,145357.60126655086
2024-01-23,145781.53358786224
2024-01-24,145940.90166602028
2024-01-25,146734.66056253528
2024-01-26,146548.2490637598
2024-01-29,147708.80975582183
2024-01-30,147594.58651403882
2024-01-31,145186.2285941306
2024-02-01,147086.4329841635
2024-02-02,148634.883857441
2024-02-05,148093.66570494426
2024-02-06,148523.63813313245
2024-02-07,149762.36102200876
2024-02-08,149828.51862456085
2024-02-09,150694.44687319547
2024-02-12,150628.29872307982
2024-02-13,148553.69688097012
2024-02-14,149903.68439902778
2024-02-15,150937.9888977353
2024-02-16,150186.31224819302
2024-02-20,149359.47927662017
2024-02-21,149494.78145163524
2024-02-22,152588.62060878795
2024-02-23,152693.89239327467
2024-02-26,152134.63899207534
2024-02-27,152417.25738880414
2024-02-28,152215.81651610983
2024-02-29,152763.01806086482
2024-03-01,154197.20788261358
2024-03-04,154031.85641219732
2024-03-05,152492.44206814395
2024-03-06,153265.1503887362
2024-03-07,154786.52948408696
2024-03-08,153857.4684125569
2024-03-11,153725.17211232556
2024-03-12,155378.86641278054
2024-03-13,155135.27712605856
2024-03-14,154828.64008836893
2024-03-15,153765.46784881357
2024-03-18,154679.31995013272
2024-03-19,155538.92451879775
2024-03-20,156977.50972348504
2024-03-21,157496.2783394678
2024-03-22,157197.70423005038
2024-03-25,156763.3836811058
2024-03-26,156473.84610091252
2024-03-27,157788.81234200843
2024-03-28,157758.66852224295
2024-04-01,157484.2075781506
2024-04-02,156482.92043988238
2024-04-03,156654.81299630608
2024-04-04,154742.67963150243
2024-04-05,156359.25421410883
2024-04-08,156446.7176083672
2024-04-09,156627.66559888795
2024-04-10,155059.3362518046
2024-04-11,156229.56678633136
2024-04-12,154073.11629720088
2024-04-15,152142.8626117668
2024-04-16,151865.37688801784
2024-04-17,150966.61087523607
2024-04-18,150655.956552065
2024-04-19,149340.97140609624
2024-04-22,150716.2820013417
2024-04-23,152504.7869501175
2024-04-24,152432.40019196007
2024-04-25,151853.3155791371
2024-04-26,153291.96695087937
2024-04-29,153834.8392797508
2024-04-30,151397.91609696046
2024-05-01,150906.29487839583
2024-05-02,152317.77994784713
2024-05-03,154205.81905219852
2024-05-06,155798.26156460698
2024-05-07,155970.17302590355
2024-05-08,155985.26856687735
2024-05-09,156884.0251272227
2024-05-10,157086.1371229033
2024-05-13,157107.20660369896
2024-05-14,157828.06831048947
2024-05-15,159782.4162563758
2024-05-16,159453.66051744716
2024-05-17,159682.90100567305
2024-05-20,159866.9021331597
2024-05-21,160258.95138640303
2024-05-22,159797.52124978602
2024-05-23,158630.31549491585
2024-05-24,159679.89513088932
2024-05-28,159791.49059534562
2024-05-29,158672.5111711257
2024-05-30,157619.94456524134
2024-05-31,159055.5617048906
2024-06-03,159185.26803754093
2024-06-04,159363.20070084144
2024-06-05,161257.2610071968
2024-06-06,161254.23622754018
2024-06-07,161058.19269604568
2024-06-10,161555.80675930498
2024-06-11,161944.92575725593
2024-06-12,163274.9591820164
2024-06-13,163603.67711119933
2024-06-14,163703.2868862663
2024-06-17,165006.1729136086
2024-06-18,165425.38846914296
2024-06-20,164976.0196414067
2024-06-21,164754.8515338894
2024-06-24,164219.23867619384
2024-06-25,164851.66338777402
2024-06-26,165057.4240239154
2024-06-27,165317.61178900307
2024-06-28,164667.05730435607
2024-07-01,165005.9649600072
2024-07-02,166116.4182865701
2024-07-03,166857.69725604277
2024-07-05,167819.8985696857
2024-07-08,168013.54118232775
2024-07-09,168176.93599840367
2024-07-10,169841.09414598322
2024-07-11,168376.62817035898
2024-07-12,169438.685022416
2024-07-15,169904.63342364505
2024-07-16,170912.22533701008
2024-07-17,168515.80584430913
2024-07-18,167220.80314894684
2024-07-19,166110.36872725683
2024-07-22,167822.94225421516
2024-07-23,167559.72970947085
2024-07-24,163762.38351880747
2024-07-25,162909.1120825485
2024-07-26,164733.6213616745
2024-07-29,164830.47102530484
2024-07-30,163995.3860767313
2024-07-31,166661.02986374407
2024-08-01,164300.94553666824
2024-08-02,161241.96696505803
2024-08-05,156545.9776432864
2024-08-06,157989.2607088779
2024-08-07,156933.28177344342
2024-08-08,160561.16468384484
2024-08-09,161269.17107709474
2024-08-12,161353.88381235287
2024-08-13,164007.4662904849
2024-08-14,164524.85485074934
2024-08-15,167344.85692461388
2024-08-16,167720.06193614443
2024-08-19,169323.7055857188
2024-08-20,169048.3372077295
2024-08-21,169629.2839505286
2024-08-22,168297.96499441407
2024-08-23,170086.1769176607
2024-08-26,169680.7430144368
2024-08-27,169913.7077626149
2024-08-28,168927.3082117191
2024-08-29,168942.43211000218
2024-08-30,170555.16900341923
2024-09-03,167045.34702399018
2024-09-04,166703.39568380956
2024-09-05,166297.94287571285
2024-09-06,163499.1331643175
2024-09-09,165329.67309788385
2024-09-10,166049.83532437877
2024-09-11,167753.33451236723
2024-09-12,169166.37923382898
2024-09-13,170049.87956178127
2024-09-16,170301.01189277193
2024-09-17,170370.60072974698
2024-09-18,169865.31128810905
2024-09-19,172763.95763304565
2024-09-20,172465.29845170036
2024-09-23,172896.2728381498
2024-09-24,173391.01336073532
2024-09-25,173008.5866877746
2024-09-26,173694.49328465833
2024-09-27,173442.6047587535
2024-09-30,174137.6235043528
2024-10-01,172577.65011107083
2024-10-02,172650.45277643108
2024-10-03,172334.79811439017
2024-10-04,173900.89668647677
2024-10-07,172328.7296502041
2024-10-08,173958.53764380817
2024-10-09,175163.47752489464
2024-10-10,174856.8972018236
2024-10-11,175904.01920432603
2024-10-14,177342.5855041405
2024-10-15,175964.70384618692
2024-10-16,176729.53828723554
2024-10-17,176744.68109039147
2024-10-18,177424.55703283483
2024-10-21,177133.1762275383
2024-10-22,177039.08667534462
2024-10-23,175421.41561011272
2024-10-24,175800.81750341682
2024-10-25,175740.11395668308
2024-10-28,176283.38328788444
2024-10-29,176568.67672412205
2024-10-30,176034.48173189053
2024-10-31,172583.69967038409
2024-11-01,173312.0666116976
2024-11-04,172938.75208745242
2024-11-05,175029.93350305498
2024-11-06,179382.13771197916
2024-11-07,180769.15042352112
2024-11-08,181552.17135225516
2024-11-11,181725.16984374082
2024-11-12,181160.67034032458
2024-11-13,181248.69142833215
2024-11-14,180083.22492176454
2024-11-15,177776.62247999225
2024-11-18,178505.02723105147
2024-11-19,179157.54782247532
2024-11-20,179218.2702740819
2024-11-21,180180.35815848768
2024-11-22,180738.80810259067
2024-11-25,181351.8742243685
2024-11-26,182298.80040074547
2024-11-27,181746.4378257014
2024-11-29,182875.43683253395
2024-12-02,183203.20951807415
2024-12-03,183288.22473129796
2024-12-04,184426.33588684603
2024-12-05,184122.83705805015
2024-12-06,184471.87772555096
2024-12-09,183521.9078646445
2024-12-10,182951.33989704217
2024-12-11,184365.6512449851
2024-12-12,183415.70028895154
2024-12-13,183379.2516940893
2024-12-16,184162.29152769616
2024-12-17,183403.56336057934
2024-12-18,177937.48404310577
2024-12-19,177882.8489605581
2024-12-20,180019.38316613706
2024-12-23,181097.41463575556
2024-12-24,183110.29206799742
2024-12-26,183122.4668061153
2024-12-27,181194.8314455715
2024-12-30,179127.12988205344
2024-12-31,178475.4411050352
2025-01-02,178036.94257918993
2025-01-03,180262.9913577319
2025-01-06,181301.4360235944
2025-01-07,179251.9965672532
2025-01-08,179513.86686602485
2025-01-10,176773.13292403653
2025-01-13,177047.23467554463
2025-01-14,177290.8806768852
2025-01-15,180515.78731753372
2025-01-16,180168.61823244544
2025-01-17,181977.4931817213
2025-01-21,183643.20152887487
2025-01-22,184675.55882567845
2025-01-23,185683.5099316277
2025-01-24,185141.46941716183
2025-01-27,182522.57738071663
2025-01-28,184090.86891805427
2025-01-29,183265.61450336475
2025-01-30,184249.2161330782
2025-01-31,183268.63928302136
2025-02-03,182035.32318778127
2025-02-04,183256.4645449035
2025-02-05,183999.50166755158
2025-02-06,184638.99680157908
2025-02-07,182948.92007331687
2025-02-10,184191.32941239967
2025-02-11,184331.45232999252
2025-02-12,183737.61246390705
2025-02-13,185677.42256256874
2025-02-14,185668.32931872603
2025-02-18,186213.39461284853
2025-02-19,186651.89313869382
2025-02-20,185875.3754862215
2025-02-21,182696.14301838793
2025-02-24,181864.80123463945
2025-02-25,180960.35430756508
2025-02-26,181051.68374832207
2025-02-27,178161.77145464395
2025-02-28,180942.09220038826
2025-03-03,177772.00969101593
2025-03-04,175667.72719852562
2025-03-05,177555.75685044064
2025-03-06,174403.95535311796
2025-03-07,175381.45070889965
2025-03-10,170710.09443645662
2025-03-11,169291.01906055448
2025-03-12,170189.3408088242
2025-03-13,167920.6426371239
2025-03-14,171389.15746936726
2025-03-17,172710.79713058058
2025-03-18,170844.0732703719
2025-03-19,172704.70976152163
2025-03-20,172205.29973534122
2025-03-21,172262.08997339424
2025-03-24,175347.0627451785
2025-03-25,175768.584695201
2025-03-26,173670.18161816828
2025-03-27,173208.95943515265
2025-03-28,169720.84024975984
2025-03-31,170860.12350742484
2025-04-01,171342.7271016382
2025-04-02,172427.03498904416
2025-04-03,163929.69164356412
2025-04-04,154332.78417828504
2025-04-07,154057.88842211707
2025-04-08,151644.90826079613
2025-04-09,167570.56220161612
2025-04-10,160227.77725106702
2025-04-11,163086.68555326483
2025-04-14,164668.87217215006
2025-04-15,164207.64998913443
2025-04-16,160557.648377494
2025-04-17,160786.71872186422
2025-04-21,156959.56899914672
2025-04-22,161043.29565623682
2025-04-23,163538.71996807345
2025-04-24,166981.05155141422
2025-04-25,168187.5416320747
2025-04-28,168251.66696079497
2025-04-29,169311.56865734662
2025-04-30,169378.75657546925
2025-05-01,170579.10257245222
2025-05-02,173111.24014737105
2025-05-05,172118.54527381487
2025-05-06,170679.92225938186
2025-05-07,171397.72137677006
2025-05-08,172591.98000469408
2025-05-09,172372.07852365798
2025-05-12,178068.5326217287
2025-05-13,179244.47242785734
2025-05-14,179473.56167710043
2025-05-15,180350.14282158818
2025-05-16,181492.50757352836
2025-05-19,181691.02764336675
2025-05-20,181080.15448683998
2025-05-21,178028.7945789899
2025-05-22,178099.0639913877
2025-05-23,176883.42395226596
2025-05-27,180560.93215390874
2025-05-28,179516.305594623
2025-05-29,180224.91694380422
2025-05-30,180023.37209430922
2025-06-02,181037.4105693174
2025-06-03,182069.78677099384
2025-06-04,182020.89876979374
2025-06-05,181141.2361310308
2025-06-06,183001.38109548634
2025-06-09,183166.30720626342
2025-06-10,184204.82749161735
2025-06-11,183679.46107500858
2025-06-12,184409.4727402604
2025-06-13,182347.74511656413
2025-06-16,184082.62639349
2025-06-17,182509.62754281174
2025-06-18,182482.12095280938
2025-06-20,182053.5852949581
2025-06-23,183851.79789594436
2025-06-24,185882.8429109988
2025-06-25,185987.00876042355
2025-06-26,187442.135728858
2025-06-27,188373.40867051197
2025-06-30,189274.0557181427
2025-07-01,189212.8039300962
2025-07-02,190070.57472609438
2025-07-03,191568.59685103424
2025-07-07,190140.99537747502
2025-07-08,190036.86733779593
2025-07-09,191176.45307342662
2025-07-10,191715.60114234584
2025-07-11,191041.68023485146
2025-07-14,191406.20399321956
2025-07-15,190588.28466919734
2025-07-16,191225.45450386385
2025-07-17,192395.70394326345
2025-07-18,192254.78702101076
2025-07-21,192619.32968425174
2025-07-22,192646.89298887269
2025-07-23,194285.8320360652
2025-07-24,194350.1653183869
2025-07-25,195171.1661366843
2025-07-28,195122.1647062471
2025-07-29,194607.49844767363
2025-07-30,194362.43458086904
2025-07-31,193633.33034951423
2025-08-01,190459.58029480826
2025-08-04,193354.5590944112
2025-08-05,192374.2469125743
2025-08-06,193847.76832229557
2025-08-07,193685.41327422662
2025-08-08,195195.6668519029
2025-08-11,194809.68606284566
2025-08-12,196883.6262344055
2025-08-13,197557.5849516456
2025-08-14,197575.96048805953
2025-08-15,197113.37715419845
2025-08-18,197070.5009025659
2025-08-19,196001.3547231887
2025-08-20,195480.56328581058
2025-08-21,194696.35135008677
2025-08-22,197686.2704211618
2025-08-25,196816.23036268147
2025-08-26,197640.29377038122
2025-08-27,198090.60784176015
2025-08-28,198792.1298636212
2025-08-29,197606.58638208278
2025-09-02,196142.2905503142
2025-09-03,197205.27374114105
2025-09-04,198853.4194614134
2025-09-05,198277.48250992058
2025-09-08,198764.5854638731
2025-09-09,199224.08730345903
2025-09-10,199800.00535007904
2025-09-11,201460.40142796066
2025-09-12,201392.96774649096
2025-09-15,202465.17651527046
2025-09-16,202186.4241650403
2025-09-17,201935.23511943105
2025-09-18,202878.7395138215
2025-09-19,203883.59022062272
2025-09-22,204848.1735482452
2025-09-23,203733.08852783314
2025-09-24,203084.87824741998
2025-09-25,202147.9527487827
2025-09-26,203306.08416468298
2025-09-29,203877.44613694522
2025-09-30,204645.41878688755
2025-10-01,205342.76283184788
2025-10-02,205579.26279124964
2025-10-03,205576.21910672018
2025-10-06,206313.471338275
2025-10-07,205548.561277735
2025-10-08,206774.258709215
2025-10-09,206175.23890796758
2025-10-10,200602.76296607245
2025-10-13,203680.83545926504
2025-10-14,203432.00952276256
2025-10-15,204335.17091848285
2025-10-16,202943.58322771022
2025-10-17,204095.55165506018
2025-10-20,206218.2474937101
2025-10-21,206215.14709456207
2025-10-22,205143.07065989255
2025-10-23,206359.5614182927
2025-10-24,208046.04622071268
2025-10-27,210500.50367307503
2025-10-28,211059.5963828551
2025-10-29,211160.96431109743
2025-10-30,208838.59520536504
2025-10-31,209523.6321780975
2025-11-03,209916.85353345782
2025-11-04,207428.59416843276
2025-11-05,208147.41414895508
2025-11-06,205914.1248041101
2025-11-07,206116.86066059486
2025-11-10,209333.18448896773
2025-11-11,209812.38520606738
2025-11-12,209929.12279593994
2025-11-13,206445.5596849049
2025-11-14,206411.7955819879
2025-11-17,204488.75410554762
2025-11-18,202771.56778961295
2025-11-19,203554.9101011855
2025-11-20,200452.2612732829
2025-11-21,202449.01284898043
2025-11-24,205428.7421935872
2025-11-25,207360.99034310738
2025-11-26,208792.5240302202
2025-11-28,209932.20429021516
2025-12-01,208973.76504627016
2025-12-02,209360.84231795292
2025-12-03,210085.80638215272
2025-12-04,210239.38956921748
2025-12-05,210638.73610338243
2025-12-08,210005.9332943452
2025-12-09,209824.65446854953
2025-12-10,211216.27996906787
2025-12-11,211707.7688535225
2025-12-12,209431.47092293494
2025-12-15,209115.0600659799
2025-12-16,208543.69809371768
2025-12-17,206248.9679120976
2025-12-18,207806.40805241716
2025-12-19,209689.8627251015
2025-12-22,210996.20834417606
2025-12-23,211960.54590845143
2025-12-24,212706.15409380768
2025-12-26,212684.5836338814
2025-12-29,211926.6494714245
2025-12-30,211667.860666928
2025-12-31,210099.6258442089
2026-01-02,210484.73700911488
2026-01-05,211886.59004584714
2026-01-06,213146.73215566686
2026-01-07,212459.67236153907
2026-01-08,212438.1019016128
2026-01-09,213843.03643262025
2026-01-12,214178.86259399622
2026-01-13,213750.6105092377
2026-01-14,212699.9911052573
2026-01-15,213279.21750462675
2026-01-16,213100.50974153916
2026-01-20,208762.46528238256
2026-01-21,211171.81570811558
2026-01-22,212274.820514774
2026-01-23,212351.8200619078
2026-01-26,213430.17291436478
2026-01-27,214280.53300020428
2026-01-28,214258.96254027804
2026-01-29,213833.79194979472
2026-01-30,213196.0171591969
2026-02-02,214255.8999508757
2026-02-03,212444.26489016318
2026-02-04,211415.215946109
2026-02-05,208774.7912594833
2026-02-06,212780.09105153912
2026-02-09,213806.07740619095
2026-02-10,213242.23957332456
2026-02-11,213192.9545697946
2026-02-12,209899.36652606798
2026-02-13,210047.24044153086
2026-02-17,210386.14809718198
2026-02-18,211446.01198398796
2026-02-19,210888.33713967193
2026-02-20,212413.4688522842
2026-02-23,210244.43717026946
2026-02-24,211772.5936625384
2026-02-25,213559.59567392233
2026-02-26,212373.39052183405
2026-02-27,211353.58606060542
2026-03-02,211473.7643373374
2026-03-03,209609.76277881968
2026-03-04,211088.61536268573
2026-03-05,209911.69250316868
2026-03-06,207160.35292750938
2026-03-09,208975.06948249706
2026-03-10,208639.22441624824
2026-03-11,208377.35411747659
2026-03-12,205213.1510235618
2026-03-13,204051.6167305478
2026-03-16,206128.22248918
2026-03-17,206670.45205237443
2026-03-18,203786.64603262814
2026-03-19,203284.4569901382
2026-03-20,200370.21412509715
2026-03-23,202474.09961525747
2026-03-24,201794.43162641552
2026-03-25,202918.96908325452
2026-03-26,199295.09400589814
2026-03-27,195896.73515681544
2026-03-30,195241.77583679347
2026-03-31,200917.03757239503
2026-04-01,202430.84526616783
2026-04-02,202613.12605022476
2026-04-06,203570.84690900132
2026-04-07,203660.41819658288
2026-04-08,208847.57501997062
2026-04-09,210052.42037669284
2026-04-10,209913.4128465984
2026-04-13,211964.7805999707
2026-04-14,214547.54542439218
2026-04-15,216240.53350307388
2026-04-16,216771.91166925017
2026-04-17,219391.74894933804
2026-04-20,218953.02356501855
2026-04-21,217519.5615808746
2026-04-22,219722.31955606065
2026-04-23,218869.63417086017
2026-04-24,220565.7226486899
2026-04-27,220945.71059305247
2026-04-28,219870.59047385346
2026-04-29,219836.6184173351
2026-04-30,222023.91220652667
2026-05-01,222638.71757660704
2026-05-04,221823.10464707296
2026-05-05,223602.6203288068
2026-05-06,226710.56252110846
2026-05-07,226015.4492511449
2026-05-08,227881.45472618515
2026-05-11,228400.469105515
2026-05-12,228054.4532176708
2026-05-13,229330.3808963235
2026-05-14,231140.78714030053
2026-05-15,228360.3151555734
2026-05-18,228199.6615460613
2026-05-19,226679.67195886525
2026-05-20,229002.91068874896
2026-05-21,229457.04354444437
2026-05-22,230359.16517215772
2026-05-26,231888.43705192496
2026-05-27,231848.26419711052
2026-05-28,233127.27337003843
2026-05-29,233708.08777872755
2026-06-01,234344.50141847986
2026-06-02,234662.7271432289
2026-06-03,233016.05600303915
2026-06-04,233896.55045620765
2026-06-05,227859.8275516403
2026-06-08,228375.74153182216
2026-06-09,227705.35583555143
2026-06-10,224115.45281471344
2026-06-11,227924.7090752748
2026-06-12,229157.38240483784
2026-06-15,233198.33678709605
2026-06-16,231808.11024716892
2026-06-17,228913.3204962945
2026-06-18,231293.3305593583
2026-06-22,230565.455144739
2026-06-23,227217.19420871907
2026-06-24,227111.87516205022
2026-06-25,227440.1960889032
2026-06-26,225795.49105549025
2026-06-29,229515.44069668994
2026-06-30,231302.6317568024
2026-07-01,230989.79392081677
2026-07-02,230686.25728227515
2026-07-06,232699.5506217198
2026-07-07,231593.78570362472
2026-07-08,230878.29298072465
2026-07-09,232832.73545097525
2026-07-10,233836.28172154957
2026-07-13,232045.99026228904
2026-07-14,232869.90243100596
2026-07-15,233792.91394322278
2026-07-16,232526.0795084128
2026-07-17,230224.7326212939
2026-07-20,229853.06282098702
2026-07-21,231770.3383112069
2026-07-22,231500.84934867517
2026-07-23,228641.97885622305
2026-07-24,228874.28193385128
2026-07-27,228923.85051047412
2026-07-28,229472.0729183632
2026-07-29,225941.07748133782
2026-07-30,229729.16028430284
2026-07-31,231383.16651515986
2026-08-03,234678.75847540895
2026-08-04,238909.7824493399
2026-08-05,238432.77469749135
2026-08-06,238051.80369974033
2026-08-07,239507.5734338518
2026-08-10,239436.33987293844
2026-08-11,238671.27857341562
2026-08-12,239269.0695579275
2026-08-13,240938.55887965186
2026-08-14,240461.57003267613
2026-08-17,239324.82002797353
2026-08-18,237707.99968202005
2026-08-19,238206.67241815917
2026-08-20,236205.7617704338
2026-08-21,237172.14106097736
2026-08-24,236475.2318280927
2026-08-25,237230.99193017144
2026-08-26,237283.6609059423
2026-08-27,238838.52998355372
2026-08-28,238296.48946908786
2026-08-31,237584.09714533584
2026-09-01,235951.79370851503
2026-09-02,236998.68885254322
2026-09-03,239479.68874639235
2026-09-04,238556.67723417553
